-- phpMyAdmin SQL Dump
-- version 4.1.6
-- http://www.phpmyadmin.net
--
-- Anamakine: localhost
-- Üretim Zamanı: 05 Ağu 2015, 13:29:40
-- Sunucu sürümü: 5.6.16
-- PHP Sürümü: 5.5.9

SET SQL_MODE = "NO_AUTO_VALUE_ON_ZERO";
SET time_zone = "+00:00";


/*!40101 SET @OLD_CHARACTER_SET_CLIENT=@@CHARACTER_SET_CLIENT */;
/*!40101 SET @OLD_CHARACTER_SET_RESULTS=@@CHARACTER_SET_RESULTS */;
/*!40101 SET @OLD_COLLATION_CONNECTION=@@COLLATION_CONNECTION */;
/*!40101 SET NAMES utf8 */;

--
-- Veritabanı: `fls_library_db`
--

DELIMITER $$
--
-- Yordamlar
--
CREATE DEFINER=`root`@`localhost` PROCEDURE `bolumlereGoreOgrenciler`(IN `deparmentName` VARCHAR(75))
BEGIN

select
ogrenci_bilgi.OgrenciAdi,
ogrenci_bilgi.OgrenciSoyadi
from
bolum_bilgi
inner join ogrenci_bilgi ON ogrenci_bilgi.OgrenciBolumKodu = bolum_bilgi.BolumKodu
where
bolum_bilgi.BolumAdi = deparmentName;

END$$

CREATE DEFINER=`root`@`localhost` PROCEDURE `seviyeyeGoreKitap`(IN `level` TINYINT)
BEGIN

select * from kitap_bilgi where kitapSeviyeNo = level;

END$$

CREATE DEFINER=`root`@`localhost` PROCEDURE `yayinEvineGoreKitap`(IN `publisher` VARCHAR(50))
BEGIN

select * from kitap_bilgi where yayinEvi = publisher;

END$$

CREATE DEFINER=`root`@`localhost` PROCEDURE `yayinEvineGoreMusaitOlanKitaplar`(in publisher VARCHAR(100))
BEGIN

select * from kitap_bilgi where varMi = 1 and yayinEvi = publisher;

END$$

CREATE DEFINER=`root`@`localhost` PROCEDURE `yazaraGoreKitap`(IN `authorName` VARCHAR(70))
BEGIN

select * from kitap_bilgi where yazarAdi = authorName;

END$$

CREATE DEFINER=`root`@`localhost` PROCEDURE `yazaraVeYayinEvineGoreKitap`(in authorName VARCHAR(70), in publisher VARCHAR(50))
BEGIN

select * from kitap_bilgi where yazarAdi = authorName and yayinEvi = publisher;

END$$

DELIMITER ;

-- --------------------------------------------------------

--
-- Tablo için tablo yapısı `bolum_bilgi`
--

CREATE TABLE IF NOT EXISTS `bolum_bilgi` (
  `BolumKodu` int(11) NOT NULL,
  `BolumAdi` varchar(75) NOT NULL,
  PRIMARY KEY (`BolumKodu`)
) ENGINE=InnoDB DEFAULT CHARSET=utf8;

--
-- Tablo döküm verisi `bolum_bilgi`
--

INSERT INTO `bolum_bilgi` (`BolumKodu`, `BolumAdi`) VALUES
(0, 'Biyoloji'),
(205, 'Kamu Yönetimi'),
(611, 'İngilizce Öğretmenliği'),
(701, 'İnşaat Mühendisliği'),
(707, 'Jeoloji Mühendisliği'),
(709, 'Bilgisayar Mühendisliği'),
(711, 'Maden Mühendisliği'),
(713, 'Malzeme ve Metalurji Mühendisliği'),
(715, 'Elektrik Elektronik Mühendisliği'),
(904, 'Sosyoloji'),
(905, 'Tarih'),
(911, 'Felsefe'),
(918, 'Arkeoloji'),
(1001, 'Matematik'),
(1003, 'İstatistik'),
(1008, 'Kimya'),
(1203, 'Rekreasyon'),
(1205, 'Antrenörlük Eğitimi'),
(1301, 'Hemşirelik'),
(1601, 'Bilişim Sistemleri Mühendisliği'),
(1603, 'Enerji Sistemleri Mühendisliği');

-- --------------------------------------------------------

--
-- Görünüm yapısı durumu `bolum_detay`
--
CREATE TABLE IF NOT EXISTS `bolum_detay` (
`BolumKodu` int(11)
,`BolumAdi` varchar(75)
);
-- --------------------------------------------------------

--
-- Tablo için tablo yapısı `kitap_bilgi`
--

CREATE TABLE IF NOT EXISTS `kitap_bilgi` (
  `KitapSeviyeNo` tinyint(4) NOT NULL,
  `KitapNo` int(11) NOT NULL,
  `KitapAdi` varchar(100) NOT NULL,
  `YazarAdi` varchar(70) DEFAULT NULL,
  `YayinEvi` varchar(50) DEFAULT NULL,
  `VarMi` tinyint(1) NOT NULL,
  PRIMARY KEY (`KitapSeviyeNo`,`KitapNo`),
  KEY `fk_kitap_bilgi_kitap_seviye_bilgi1_idx` (`KitapSeviyeNo`),
  KEY `kit_adi` (`KitapAdi`),
  KEY `yaz_adi` (`YazarAdi`),
  KEY `yayin_evi` (`YayinEvi`)
) ENGINE=InnoDB DEFAULT CHARSET=utf8;

--
-- Tablo döküm verisi `kitap_bilgi`
--

INSERT INTO `kitap_bilgi` (`KitapSeviyeNo`, `KitapNo`, `KitapAdi`, `YazarAdi`, `YayinEvi`, `VarMi`) VALUES
(0, 1, 'THE BLUE CAT CLUB', 'BERNARD SMITH', 'PENGUIN', 1),
(0, 2, 'WHO WANTS TO BE A STAR', 'MARGARET IGGULDEN', 'LONGMAN', 1),
(0, 3, 'STORIES OF CIMCIME', 'GULSUM CENGIZ', 'ATP', 1),
(0, 4, 'GREEN ISLAND', 'ANTHONY EYRE', 'LONGMAN', 1),
(0, 5, 'GOOD DAY, BAD DAY', 'PAUL SHIPTON', 'PENGUIN', 1),
(0, 6, 'GIRL ON A MOTORCYCLE', 'JOHN ESCOTT', 'OXFORD', 1),
(0, 7, 'LET ME OUT', 'ANTONIETTE MOSES', 'CAMBRIDGE', 1),
(0, 8, 'MEET THE MARTIANS', 'STEPHEN RABLEY', 'PENGUIN', 0),
(0, 9, 'NEWSPAPER CHASE', 'JOHN ESCOTT', 'PENGUIN', 1),
(0, 10, 'THE LONG ROAD', 'ROD SMITH', 'PENGUIN', 1),
(0, 11, 'WHAT A LOTTERY!', 'COLIN CAMPBELL', 'CAMBRIDGE', 1),
(0, 12, 'THE HAT', 'JOHN ESCOTT', 'PENGUIN', 1),
(0, 13, 'KIM''S CHOICE', 'BRIGIT VINEY', 'PENGUIN', 1),
(0, 14, 'KIM''S CHOICE', 'BRIGIT VINEY', 'PENGUIN', 1),
(0, 15, 'KIM''S CHOICE', 'BRIGIT VINEY', 'PENGUIN', 1),
(0, 16, 'A DEATH IN OXFORD', 'RICHARD MACANDREW', 'CAMBRIDGE', 1),
(0, 17, 'DIRTY MONEY', 'SUE LEATHER', 'CAMBRIDGE', 1),
(0, 18, 'WHAT A LOTTERY!', 'COLIN CAMPBELL', 'CAMBRIDGE', 1),
(0, 19, 'THE LONG ROAD', 'ROD SMITH', 'PENGUIN', 1),
(0, 20, 'THE SLAVE BOY OF POMPEII', 'BERNARD SMITH', 'PENGUIN', 1),
(0, 21, 'THE HAT', 'JOHN ESCOTT', 'PENGUIN', 1),
(0, 22, 'KIM''S CHOICE', 'BRIGIT VINEY', 'PENGUIN', 1),
(0, 23, 'NEWSPAPER CHASE', 'JOHN ESCOTT', 'PENGUIN', 1),
(0, 24, 'LET ME OUT', 'ANTONIETTE MOSES', 'CAMBRIDGE', 1),
(0, 25, 'THE CUP IN THE FOREST', 'ANNE COLLINS', 'PENGUIN', 1),
(0, 26, 'THE LONG ROAD', 'ROD SMITH', 'PENGUIN', 1),
(0, 27, 'THE GIRL AT THE WINDOW', 'ANTONIETTE MOSES', 'CAMBRIDGE', 1),
(0, 28, 'DIRTY MONEY', 'SUE LEATHER', 'CAMBRIDGE', 1),
(0, 29, 'MAISIE AND THE DOLPHIN', 'STEPHEN RABLEY', 'LONGMAN', 1),
(0, 30, 'THE HAT', 'JOHN ESCOTT', 'PENGUIN', 1),
(0, 31, 'THE CUP IN THE FOREST', 'ANNE COLLINS', 'PENGUIN', 1),
(0, 32, 'THE LONG ROAD', 'ROD SMITH', 'PENGUIN', 1),
(0, 33, 'MEET THE MARTIANS', 'STEPHEN RABLEY', 'PENGUIN', 1),
(0, 34, 'LUCKY NUMBER', 'JOHN MILNE', 'HEINEMANN', 1),
(0, 35, 'THE SLAVE BOY OF POMPEII', 'BERNARD SMITH', 'PENGUIN', 1),
(0, 36, 'THE CUP IN THE FOREST', 'ANNE COLLINS', 'PENGUIN', 1),
(0, 37, 'THE BLUE CAT CLUB', 'BERNARD SMITH', 'PENGUIN', 1),
(0, 38, 'DIRTY MONEY', 'SUE LEATHER', 'CAMBRIDGE', 1),
(0, 39, 'GOOD DAY,  BAD DAY', 'PAUL SHIPTON', 'PENGUIN', 1),
(0, 40, 'GOOD DAY,  BAD DAY', 'PAUL SHIPTON', 'PENGUIN', 1),
(0, 41, 'A REAL CHILD', 'HATICE OZBASMACI', 'SAYPA', 1),
(0, 42, 'THE BLUE CAT CLUB', 'BERNARD SMITH', 'PENGUIN', 1),
(0, 43, 'THE GIRL AT THE WINDOW', 'ANTONIETTE MOSES', 'CAMBRIDGE', 1),
(0, 44, 'THE GIRL AT THE WINDOW', 'ANTONIETTE MOSES', 'CAMBRIDGE', 1),
(0, 45, 'LET ME OUT', 'ANTONIETTE MOSES', 'CAMBRIDGE', 1),
(0, 46, 'GOOD DAY, BAD DAY', 'PAUL SHIPTON', 'PENGUIN', 1),
(0, 47, 'THE HAT', '', '', 1),
(0, 48, 'NEWSPAPER CHASE', '', '', 1),
(0, 49, 'WHAT A LOTTERY!', '', '', 1),
(0, 50, 'THE PENANG FILE', '', '', 1),
(0, 51, 'A NEW ZEALAND ADVENTURE', '', '', 1),
(0, 52, 'GULLIVER IN THE LILLIPUT', '', '', 1),
(0, 53, 'THE LOST SHIP', '', '', 1),
(0, 54, 'NEWSPAPER CHASE', '', '', 1),
(0, 55, 'CINDERALLA', '', '', 1),
(0, 56, 'LITTLE RED RIDING', '', '', 1),
(0, 57, 'JACK''S WISDOM TOOTH', '', '', 1),
(0, 58, 'TINKER'' FARM', '', '', 1),
(0, 59, 'THE LAST PHOTO', '', '', 1),
(0, 60, 'BILLY AND THE QUEEN', '', '', 1),
(0, 61, 'THE LONG ROAD', '', '', 1),
(0, 62, 'TOM CRUISE', '', '', 1),
(0, 63, 'THE PEARL GIRL', '', '', 1),
(0, 64, 'LUCKY BREAK', '', '', 1),
(0, 65, 'PETE AND READERS', '', '', 1),
(0, 66, 'NEW ZEALAND ADVENTURE', '', '', 1),
(0, 67, 'THE LEOPARD AND THE LIGHTHOUSE', '', '', 1),
(0, 68, 'KIM''S CHOICE', '', '', 1),
(0, 69, 'THE TROY STONE', '', '', 1),
(0, 70, 'THE FIREBOY', '', '', 1),
(0, 71, 'SAN FRANCISCO STORY', '', '', 1),
(0, 72, 'WHO WANTS TO BE A STAR', '', '', 1),
(0, 73, 'THE BIG BAG MISTAKE', '', '', 1),
(0, 74, 'THE CUP IN THE FOREST', '', '', 1),
(0, 75, 'TINKERS ISLAND', '', '', 1),
(0, 76, 'DINO''S DAY IN LONDON', '', '', 1),
(0, 77, 'MARCEL AND THE WHITE STAR', '', '', 1),
(0, 78, 'FLYING HOME', '', '', 1),
(0, 79, 'SIMON AND THE SPY', '', '', 1),
(0, 80, 'MARCEL AND MONA LISA', '', '', 1),
(0, 81, 'NEWSPAPER CHASE', '', '', 1),
(0, 82, 'NEWSPAPER CHASE', '', '', 1),
(0, 83, 'MAISIE AND THE DOLPHIN', '', '', 1),
(0, 84, 'GOOD DAY', ' BAD DAY', '', 1),
(0, 85, 'THE SLAVE BOY OF POMPEII', '', '', 1),
(0, 86, 'BETWEEN TWO WORLDS', '', '', 1),
(0, 87, 'DINO''S DAY IN LONDON', '', '', 1),
(0, 88, 'JULIA ROBERTS', '', '', 1),
(0, 89, 'BRUSH OUR TEETH', '', '', 1),
(0, 90, 'Robin Hood', 'Barbara Chatwin', 'La SPIGA', 1),
(0, 91, 'The PenaNG FILE', 'RICHARD MACANDREW', 'CAMBRIDGE', 1),
(0, 92, 'THE LONG ROAD', 'ROD SMITH', 'PENGUIN', 1),
(0, 93, 'DEAD MAN''S RIVER', 'ELIZABETH LAIRD', 'PENGUIN', 1),
(0, 94, 'THE FIREBOY', 'STEPHEN RABLEY', 'PENGUIN', 1),
(0, 95, 'THE FIREBOY', 'STEPHEN RABLEY', 'PENGUIN', 1),
(0, 96, 'THE FIREBOY', 'STEPHEN RABLEY', 'PENGUIN', 1),
(0, 97, 'THE LONG ROAD', 'ROD SMITH', 'PENGUIN', 1),
(0, 98, 'THE LONG ROAD', 'ROD SMITH', 'PENGUIN', 1),
(0, 99, 'MARY AND HER BASKET', 'D. H. HOWE', 'OXFORD', 1),
(0, 100, 'DEAD MAN''S RIVER', 'ELIZABETH LAIRD', 'PENGUIN', 1),
(0, 101, 'DEAD MAN''S RIVER', 'ELIZABETH LAIRD', 'PENGUIN', 1),
(0, 102, 'A NEW ZEALAND ADVENTURE', 'JAN THORBURN', 'PENGUIN', 1),
(0, 103, 'A NEW ZEALAND ADVENTURE', 'JAN THORBURN', 'PENGUIN', 1),
(0, 104, 'TINKERS FARM', 'STEPHEN RABLEY', 'PENGUIN', 1),
(0, 105, 'LUCKY BREAK', 'JOHN ESCOTT', 'PENGUIN', 1),
(0, 106, 'LUCKY BREAK', 'JOHN ESCOTT', 'PENGUIN', 1),
(0, 107, 'TINKER''S FARM', '', 'PENGUIN', 1),
(0, 108, 'WHO WANTS TO BE A STAR', 'JULIA ALLEN ', 'PENGUIN', 1),
(1, 1, 'FUNNY STORIES', 'OXFORD', 'OXFORD', 0),
(1, 2, 'THE WATERBABIES', 'CHARLES KINGSLEY', 'LONGMAN', 1),
(1, 3, 'IN THE FRAME', 'POLLY SWEETNAM', 'MACMILLAN', 1),
(1, 4, 'A SONG FOR BEN', 'SANDRA SLATER', 'STORLINES', 1),
(1, 5, 'KIT CARSON', 'OXFORD', 'OXFORD', 1),
(1, 6, 'SNOW-WHITE AND ROSE-RED', 'OXFORD', 'OXFORD', 1),
(1, 7, 'THE PRESIDENT''S MURDERER', 'JENNIFER BASSET', 'OXFORD', 1),
(1, 8, 'THE WITCHES OF PENDLE', 'ROWENA AKINYEMI', 'OXFORD', 1),
(1, 9, 'NEWSPAPER BOY', 'JOHN ESCOTT', 'HEINEMANN', 1),
(1, 10, 'TALES FROM HANS ANDERSEN', 'MICHAEL WEST AND B. HEATON', 'LONGMAN', 1),
(1, 11, 'ROBIN HOOD', 'D. K. SWAN', 'LONGMAN', 1),
(1, 12, 'THE RUNAWAY', 'STEPHEN SPEIGHT', 'TEEN', 1),
(1, 13, 'THE DOUBLE LIFE OF A VERY...', 'ALAN POSENER', 'TEEN', 1),
(1, 14, 'CLARA''S BEDROOM', 'ERTAN ARDANANCI', 'FARKLI', 1),
(1, 15, 'ALICE IN WONDERLAND', 'LEWIS CARROL', 'SELIN', 1),
(1, 16, 'DEDE KORKUT''S TALE OF DIRSE KHAN', 'BRUCE ROBSON', 'METRO', 1),
(1, 17, 'THE NIGHT VISITOR', 'RICHARD MACANDREW', 'HEINEMANN', 1),
(1, 18, 'THE TRUTH MACHINE', 'NORMAN WHITNEY', 'HEINEMANN', 1),
(1, 19, 'ISLAND FOR SALE', 'ANNE COLLINS', 'PENGUIN', 1),
(1, 20, 'THE CHILDHOOD OF M. KEMAL', 'JOHN S. DYSON', 'ORIENT', 1),
(1, 21, 'TIME FOR A ROBBERY', 'JOHN ESCOTT', 'OXFORD', 1),
(1, 22, 'THE BOY WITH YELLOW HAIR', 'HARRY CATCHPOOL', 'ORIENT', 1),
(1, 23, 'YIGENEK SON OF KAZILIK KOCA', 'KEITH ROWBOTHAM', 'YAPRAK', 1),
(1, 24, 'THE MONKEY''S PAW', 'W. W. JACOBS', 'OXFORD', 1),
(1, 25, 'FIREBIRD', 'MARIAN WALLER', 'HEADLIGHT', 1),
(1, 26, 'CITY OF SECRETS', 'JOHN DYSON', 'BEST', 1),
(1, 27, 'ALICE IN WONDERLAND', 'LEWIS CARROL', 'LA SPIGA', 1),
(1, 28, 'THE MONKEY''S PAW', 'W. W. JACOBS', 'BOOKWORMS', 1),
(1, 29, 'ISLAND FOR SALE', 'ANNE COLLINS', 'PENGUIN', 1),
(1, 30, 'THE DOG AND THE SPARROW', 'GRIMM BROTHERS', 'TIYDEM', 1),
(1, 31, 'FRUIT TREE ISLAND', 'SUE ARENGO', 'OXFORD', 1),
(1, 32, 'KYLIE MINOGUE', 'LIZ KILBEY', 'PENGUIN', 1),
(1, 33, 'KYLIE MINOGUE', 'LIZ KILBEY', 'PENGUIN', 1),
(1, 34, 'THESEUS AND THE MINOTAUR', 'KEN BEATTY', 'PENGUIN', 1),
(1, 35, 'BROWN EYES', 'PAUL STEWART', 'PENGUIN', 1),
(1, 36, 'THE TINDER BOX', 'HANS C. ANDERSEN', 'ELF', 1),
(1, 37, 'RUN FOR YOUR LIFE', 'STEPHEN WALLER', 'PENGUIN', 1),
(1, 38, 'THE GALAPAGOS', 'IZABELLA HEARN', 'PENGUIN', 1),
(1, 39, 'BONNIE AND CLYDE', 'DOROTHY PRIEST', 'LA SPIGA', 1),
(1, 40, 'YIGENEK SON OF KAZILIK KOCA', 'KEITH ROWBOTHAM', 'YAPRAK', 1),
(1, 41, 'THE SECRET OF OLDSTONE HALL', 'SUE ARENGO', 'OXFORD', 1),
(1, 42, ' THE RAINBOW SERPENT AND...', 'JAMES VANCE MARSHALL', 'PENGUIN', 1),
(1, 43, 'THE OLYMPIC PROMISE', 'LYNDA EDWARDS', 'PENGUIN', 1),
(1, 44, 'THE OLYMPIC PROMISE', 'LYNDA EDWARDS', 'PENGUIN', 1),
(1, 45, 'THE WRONG MAN', 'KRIS ANDERSON', 'PENGUIN', 1),
(1, 46, 'THE WRONG MAN', 'KRIS ANDERSON', 'PENGUIN', 1),
(1, 47, 'UNDER THE BRIDGE', 'LYNDA EDWARDS', 'PENGUIN', 1),
(1, 48, 'INSPECTOR LOGAN', 'RICHARD MACANDREW', 'CAMBRIDGE', 1),
(1, 49, 'THE PRESIDENT''S MURDERER', 'JENNIFER BASSET', 'OXFORD', 1),
(1, 50, 'THE GIRL AT THE WINDOW', 'ANTONIETTE MOSES', 'CAMBRIDGE', 1),
(1, 51, 'NEXT DOOR TO LOVE', 'MARGARET JOHNSON', 'CAMBRIDGE', 1),
(1, 52, 'THE HEN AND THE BULL', 'SAKI', 'PENGUIN', 1),
(1, 53, 'PUSS IN THE BOOTS', 'CHARLES PERRAULT', 'LA SPIGA', 1),
(1, 54, 'ALICE IN WONDERLAND', 'LEWIS CARROL', 'LONGMAN', 1),
(1, 55, 'BEAUTY AND THE BEAST', 'OXFORD', 'OXFORD', 1),
(1, 56, 'FABLES AND FAIRY TALES', 'MICHAEL WEST AND B. HEATON', 'LONGMAN', 1),
(1, 57, 'MOTORBIKE MADNESS', 'ELIZABETH FORSTER', 'LA SPIGA', 1),
(1, 58, 'THE WRONG MAN', 'KRIS ANDERSON', 'PENGUIN', 1),
(1, 59, 'THE TAMING OF THE SHREW', 'WILLIAM SHAKESPEARE', 'LA SPIGA', 1),
(1, 60, 'RED SHOES', 'OXFORD', 'OXFORD', 1),
(1, 61, 'THE PHONEIX BIRD AND OTHER TALES', 'R. ANCELYN GREEN', 'KAPADOKYA', 1),
(1, 62, 'THE ADVENTURES OF TOM SAWYER', 'MARK TWAIN', 'PENGUIN', 1),
(1, 63, 'A SONG FOR BEN', 'SANDRA SLATER', 'STREAMLINE', 1),
(1, 64, 'THE BATTLE OF NEWTON ROAD', 'LESLIE DUNKLING', 'PENGUIN', 1),
(1, 65, 'SURFER!', 'PAUL HARVEY', 'PENGUIN', 1),
(1, 66, 'A BIKER''S GHOST', 'ALISON PRINCE', 'PENGUIN', 1),
(1, 67, 'ONE-WAY TICKET', 'JENNIFER BASSET', 'OXFORD', 1),
(1, 68, 'LETTERS FROM THE DEATH', 'JANE HOMESHAW', 'COLLINS', 1),
(1, 69, 'THE WATCHERS', 'JENNIFER BASSET', 'STREAMLINE', 1),
(1, 70, 'PETER PAN', 'J. M.BARRIE', 'BLACK CAT', 1),
(1, 71, 'HAMLET PRINCE OF DENMARK', 'WILLIAM SHAKESPEARE', 'BLACK CAT', 1),
(1, 72, 'THESEUS AND THE MINOTAUR', 'KEN BEATTY', 'PENGUIN', 1),
(1, 73, 'GULLIVER''S TRAVELS', 'JONATHAN SWIFT', 'KAPADOKYA', 1),
(1, 74, 'THE GALAPAGOS', 'IZABELLA HEARN', 'PENGUIN', 1),
(1, 75, 'THE LOTTERY WINNER', 'MARK TWAIN', 'OXFORD', 1),
(1, 76, 'PERSUASION', 'JANE AUSTEN', 'KAPADOKYA', 1),
(1, 77, 'NICK AND THE MOTORBIKE', 'DONN BYRNE', 'LONGMAN', 1),
(1, 78, 'THE RAINBOW SERPENT & OTHER...', 'JAMES VANCE MARSHALL', 'PENGUIN', 1),
(1, 79, 'THE MONKEY''S PAW', 'W. W. JACOBS', 'OXFORD', 1),
(1, 80, 'LITTLE WOMEN', 'LOUISA MAY ALCOTT', 'PENGUIN', 1),
(1, 81, 'THE CROWN', 'M. R. JAMES', 'PENGUIN', 1),
(1, 82, 'THE CROWN', 'M. R. JAMES', 'PENGUIN', 1),
(1, 83, 'THESEUS AND THE MINOTAUR', 'KEN BEATTY', 'PENGUIN', 1),
(1, 84, 'ISLAND FOR SALE', 'ANNE COLLINS', 'PENGUIN', 1),
(1, 85, 'THE BARCELONA GAME', 'STEPHEN RABLEY', 'PENGUIN', 1),
(1, 86, 'THE MAGICIAN', 'JOHN ESCOTT', 'OXFORD', 1),
(1, 87, 'THE GALAPAGOS', 'IZABELLA HEARN', 'PENGUIN', 1),
(1, 88, 'THE CRISTMAS SNOW', 'ERTAN ARDANANCI', 'INKILAP', 1),
(1, 89, 'THE WRONG MAN', 'KRIS ANDERSON', 'PENGUIN', 1),
(1, 90, 'WILLIAM TELL', '', 'PENGUIN', 1),
(1, 91, 'MARCEL AND SHAKESPEARE LETTERS', '', 'PENGUIN', 1),
(1, 92, 'THE RAINBOW SERPENT & OTHER...', '', 'PENGUIN', 1),
(1, 93, 'THE GIFT OF THE MAGI .. ', '', 'PENGUIN', 1),
(1, 94, 'THE WRONG MAN', '', 'PENGUIN', 1),
(1, 95, 'LISA IN LONDON', '', 'PENGUIN', 1),
(1, 96, 'SIX SKETCHES', '', 'PENGUIN', 1),
(1, 97, 'THE BATTLE OF NEWTON ROAD', '', 'PENGUIN', 1),
(1, 98, 'MICHAEL JORDAN', '', 'PENGUIN', 1),
(1, 99, 'JENNIFER LOPEZ', '', 'PENGUIN', 1),
(1, 100, 'DAVID BECKHAM', '', 'PENGUIN', 1),
(1, 101, 'MUHAMMED ALI', '', 'PENGUIN', 1),
(1, 102, 'THE BARCELONA GAME', '', 'PENGUIN', 1),
(1, 103, 'KAREN AND THE ARTIST', '', 'PENGUIN', 1),
(1, 104, 'MARCEL GOES TO HOLLYWOOD', '', 'PENGUIN', 1),
(1, 105, 'TWENTY THOUSAND LEAGUES', '', 'PENGUIN', 1),
(1, 106, 'ALI AND HIS CAMERA', '', 'PENGUIN', 1),
(1, 107, 'LITTLE WOMEN', 'CD SI VAR ', 'PENGUIN', 1),
(1, 108, 'SURFER!', '', 'PENGUIN', 1),
(1, 109, 'AMAZON RALLY', '', 'PENGUIN', 1),
(1, 110, 'THE BATTLE OF NEWTON ROAD', '', 'PENGUIN', 1),
(1, 111, 'THE MISSING COINS', '', 'PENGUIN', 1),
(1, 112, 'THE ADVENTURES OF TOM SAWYER', '', 'PENGUIN', 1),
(1, 113, 'DANIEL RADCLIFFE', '', 'PENGUIN', 1),
(1, 114, 'SPEED QUEENS', '', 'PENGUIN', 1),
(1, 115, 'GIRL MEETS BOY', '', 'PENGUIN', 1),
(1, 116, 'RUN FOR YOUR LIFE', '', 'PENGUIN', 1),
(1, 117, 'RIP VAN WINKLE ', '', 'PENGUIN', 1),
(1, 118, 'THE PYRAMID', '', 'PENGUIN', 1),
(1, 119, 'PERSUASION', '', 'PENGUIN', 1),
(1, 120, 'GRIMM TALES', '', 'PENGUIN', 1),
(1, 121, 'STORIES', '', 'PENGUIN', 1),
(1, 122, 'THUMKLIN', '', 'PENGUIN', 1),
(1, 123, 'ANDERSONS FAIRY TALES', '', 'PENGUIN', 1),
(1, 124, 'HEIDI', '', 'PENGUIN', 1),
(1, 125, 'THE HOUSE IN THE PICTURE', '', 'PENGUIN', 1),
(1, 126, 'THE SHOES DANCING', '', 'PENGUIN', 1),
(1, 127, 'GOOD DAY,  BAD DAY', '', 'PENGUIN', 1),
(1, 128, 'THE TINDER BOX', '', 'PENGUIN', 1),
(1, 129, 'THE MERMAID AND OTHER TALES', '', 'PENGUIN', 1),
(1, 130, 'STORIES ABOUT FOOD', '', 'PENGUIN', 1),
(1, 131, 'DRIVE INTO DANGER', '', 'PENGUIN', 1),
(1, 132, 'WHERE IS MY UNCLE', '', 'PENGUIN', 1),
(1, 133, 'THE CHRISTMAS STORIES', '', 'PENGUIN', 1),
(1, 134, 'PETER PAN', '', 'PENGUIN', 1),
(1, 135, 'PERSUASION', '', 'PENGUIN', 1),
(1, 136, 'RICH MAN POOR MAN', '', 'PENGUIN', 1),
(1, 137, 'GOLDILOCKS AND THREE BEARS', '', 'PENGUIN', 1),
(1, 138, 'KING ARTHUR & HIS KNIGHTS', '', 'PENGUIN', 1),
(1, 139, 'THE BALCK CAT', 'EDGAR ALLAN POE', 'LA SPIGA', 1),
(1, 140, 'ELEPHANT MAN', 'TIM VICARY', 'OXFORD', 1),
(1, 141, 'BAD LOVE', 'SUE LEATHER', 'CAMBRIDGE', 1),
(1, 142, 'PETER PAN', 'J.M. BARRIE', 'KAPADOKYA ELT', 1),
(1, 143, 'THE ELEPHANT MAN', 'TIM VICARY', 'OXFORD', 1),
(1, 144, 'THE HISTORY OF TOM THUMB', 'TIYDEM YAYINLARI', 'TIYDEM', 1),
(1, 145, 'THE THREE BEARS', 'TIYDEM YAYINLARI', 'TIYDEM', 1),
(1, 146, 'VEGETABLE STORIES', 'SHARON HURST', 'KAPADOKYA ELT', 1),
(1, 147, 'GULLIVER''S TALES', 'JONATHAN SWIFT', 'KAPADOKYA ELT', 1),
(1, 148, 'STORIES ABOUT FOOD', 'SHARON HURST', 'KAPADOKYA ELT', 1),
(1, 149, 'THE PHONEIX BIRD AND OTHER TALES', 'R. ANCELYN GREEN', 'KAPADOKYA ELT', 1),
(1, 150, 'HUCKLEBERRY FINN', 'MARK TWAIN', 'KAPADOKYA ELT', 1),
(1, 151, 'THE PHONEIX BIRD AND OTHER TALES', 'R. ANCELYN GREEN', 'KAPADOKYA ELT', 1),
(1, 152, 'THE CHRISTMAS STORIES', 'O. HENRY', 'LITERAL ELT', 1),
(1, 153, 'THE ARABIAN NIGHTS', 'DAN C. HARMON', 'LITERAL ELT', 1),
(1, 154, 'UNCLE TOM''S CABIN', 'HARRIET E. B. STOWE', 'LITERAL ELT', 1),
(1, 155, 'THE ELEPHANT MAN', 'TIM VICARY', 'OXFORD', 1),
(1, 156, 'THE WITCHES OF PENDLE', 'ROWENA AKINYEMI', 'OXFORD', 1),
(1, 157, 'THE ARROGANT POPPY', 'ERTAN ARDANACI', 'ORIENT PRESS', 1),
(1, 158, 'JACK AND THE BEANSTALK', 'TIYDEM YAYINLARI', 'TIYDEM', 1),
(1, 159, 'BLACK BEAUTY', 'ANNA SEWELL', 'GUGUKKUSU STORY', 1),
(1, 160, 'MY FELLOW TRAVELLER', 'MAXIM GORKY', 'GUGUKKUSU STORY', 1),
(1, 161, 'TWO BROTHERS', 'GRIMM BROTHERS', 'GUGUKKUSU STORY', 1),
(1, 162, 'BROWN EYES', 'PAUL STEWART', 'PENGUIN', 1),
(1, 163, 'BROWN EYES', 'PAUL STEWART', 'PENGUIN', 1),
(1, 164, 'BROWN EYES', 'PAUL STEWART', 'PENGUIN', 1),
(1, 165, 'LITTLE WOMEN', 'LOUISA MAY ALCOTT', 'PENGUIN', 1),
(1, 166, 'LITTLE WOMEN', 'LOUISA MAY ALCOTT', 'PENGUIN', 1),
(1, 167, 'LITTLE WOMEN', 'LOUISA MAY ALCOTT', 'PENGUIN', 1),
(1, 168, 'THE PLAN', 'DEREK STRANGE', 'PENGUIN', 1),
(1, 169, 'THE PLAN', 'DEREK STRANGE', 'PENGUIN', 1),
(1, 170, 'THE PLAN', 'DEREK STRANGE', 'PENGUIN', 1),
(1, 171, 'THE PHOENIX BIRD AND OTHER TALES', '', 'KAPADOKYA', 1),
(1, 172, 'THE PHOENIX BIRD AND OTHER TALES', '', 'KAPADOKYA', 1),
(1, 173, 'PERSUASION', '', 'KAPADOKYA', 1),
(1, 174, 'THE THREE LITTLE PIGS', '', 'ATASOY', 1),
(1, 175, 'ANIMAL STORIES', '', 'KAPADOKYA', 1),
(1, 176, 'VEGETABLE STORIES', '', 'KAPADOKYA', 1),
(1, 177, 'LISA IN LONDON', '', 'PENGUIN', 1),
(1, 178, 'LISA IN LONDON', '', 'PENGUIN', 1),
(1, 179, 'THE GIFT OF THE MAGI...', '', 'PENGUIN', 1),
(1, 180, 'THE GIFT OF THE MAGI...', '', 'PENGUIN', 1),
(1, 181, 'SPEED QUEENS', '', 'PENGUIN', 1),
(1, 182, 'SPEED QUEENS', '', 'PENGUIN', 1),
(1, 183, 'MARCEL GOES TO HOLLYWOOD', '', 'PENGUIN', 1),
(1, 184, 'MUHAMMED ALI', '', 'PENGUIN', 1),
(1, 185, 'GIRL MEETS BOY', '', 'PENGUIN', 1),
(1, 186, 'THE ADVENTURES OF TOM SAWYER', '', 'PENGUIN', 1),
(1, 187, 'MIKE''S LUCKY DAY', '', 'PENGUIN', 1),
(1, 188, 'DAVID BECKHAM', '', 'PENGUIN', 1),
(1, 189, 'MARCEL AND THE SHAKESPEARE LETTERS', '', 'PENGUIN', 1),
(1, 190, 'SURFER ', '', 'PENGUIN', 1),
(1, 191, 'LISA IN LONDON', '', 'PENGUIN', 1),
(1, 192, 'RUN FOR YOUR LIFE', '', 'PENGUIN', 1),
(1, 193, 'SADIE''S BIG DAY AT THE OFFICE', '', 'PENGUIN', 1),
(1, 194, 'DANIEL RADCLIFFE', '', 'PENGUIN', 1),
(1, 195, 'ALI AND HIS CAMERA', '', 'PENGUIN', 1),
(1, 196, 'SPEED QUEENS', '', 'PENGUIN', 1),
(1, 197, 'WILLIAM TELL', '', 'PENGUIN', 1),
(1, 198, 'THE BATTLE OF NEWTON ROAD', '', 'PENGUIN', 1),
(1, 199, 'THE HOUSE OF THE SEVEN GABLES', '', 'PENGUIN', 1),
(1, 200, 'RIP VAN WINKLE AND THE LEGEND OF SLEEPY HOLLOW', '', 'PENGUIN', 1),
(1, 201, 'THE MISSING COINS', '', 'PENGUIN', 1),
(1, 202, 'SIX SKETCHES', '', 'PENGUIN', 1),
(1, 203, 'PELE', '', 'PENGUIN', 1),
(1, 204, 'KAREN AND THE ARTIST', '', 'PENGUIN', 1),
(1, 205, 'THE GIFT OF THE MAGI AND OTHER STORIES', '', '', 1),
(1, 206, 'MICHAEL JORDAN', '', '', 1),
(1, 207, 'UNCLE TOM''S CABIN', '', 'LITERAL ELT', 1),
(1, 208, 'PERSUASION', '', '', 1),
(1, 209, 'THE OLYMPIC PROMISE', '', '', 1),
(1, 210, 'HANSEL AND GRETEL', '', 'GRIMM BROTHERS', 1),
(2, 1, 'THE FIRST EMPEROR OF CHINA', 'JANE ROLLASAN', 'PENGUIN', 0),
(2, 2, 'HAROLD AND MAUDE', 'COLIN HIGGINS', 'EASYREADERS', 1),
(2, 3, 'STORIES FROM EDGAR ALLAN POE', 'EDGAR ALLAN POE', 'KAPADOKYA', 1),
(2, 4, 'THE SCARLET PIMPERNEL', 'BARONESS EMMUSKA...', 'PENGUIN', 1),
(2, 5, 'DON QUIXOTE', 'MIGUEL DE CERVANTES', 'PENGUIN', 1),
(2, 6, 'NEW YORK CAFE', 'MICHAEL WEST', 'OXFORD', 1),
(2, 7, 'DON QUIXOTE', 'MIGUEL DE CERVANTES', 'PENGUIN', 1),
(2, 8, 'KONG', 'FRAN WALSH...', 'PENGUIN', 1),
(2, 9, 'THE ESCAPE AND OTHER STORIES', 'W.SOMERSET MAUGHAM', 'HEINEMANN', 1),
(2, 10, 'MEN IN BLACK', 'J.J.GARDNER', 'PENGUIN', 1),
(2, 11, 'THE EARTQUAKE', 'ELIZABETH LAIRD', 'LONGMAN', 1),
(2, 12, 'MIAMI POLICE FILE:THE O''NELL CASE', 'GINA D.B. CLEMEN', 'BLACK CAT', 1),
(2, 13, 'CLARA', 'ELIZABETH LAIRD', 'HEINEMANN', 1),
(2, 14, 'STORIES ABOUT FOOD', 'SHARON HURST', 'KAPADOKYA', 1),
(2, 15, 'THE MONKEY''S PAW', 'JENNIFER BASSET', 'OXFORD', 1),
(2, 16, 'THE MERMAID AND OTHER TALES', 'HANS ANDERSON', 'KAPADOKYA', 1),
(2, 17, 'SHERLOCK HOLMES', 'SIR ARTHUR CONAN DOYLE', 'OXFORD', 1),
(2, 18, 'THE BORROWERS', 'SHERWOOD SMITH', 'ELT', 1),
(2, 19, 'THE LOVE OF A KING', 'PETER DAINTY', 'OXFORD', 1),
(2, 20, 'ON THE ROAD', 'DONN BYRNE', 'LONGMAN', 1),
(2, 21, 'THE SINKING OF THE TITANIC', 'JANE DOLMAN', 'EASYREADERS', 1),
(2, 22, 'FIVE FAMOUS FAIRY TALES', 'D. K. SWAN', 'LONGMAN', 1),
(2, 23, 'WANTED:ANNA MARKER', 'KRIS ANDERSON', 'LONGMAN', 1),
(2, 24, 'ROMEO AND JULIET', 'WILLIAM SHAKESPEARE', 'LA SPIGA', 1),
(2, 25, 'THE BERMUDA TRIANGLE', 'PETE WRIGHT', 'LA SPIGA', 1),
(2, 26, 'A MIDSUMMER NIGHT''S DREAM', 'WILLIAM SHAKESPEARE', 'LA SPIGA', 1),
(2, 27, 'OLIVER TWIST', 'CHARLES DICKENS', 'LA SPIGA', 1),
(2, 28, 'THE WATERBABIES', 'CHARLES KINGSLEY', 'LA SPIGA', 1),
(2, 29, 'THE CALL OF THE WILD', 'JACK LONDON', 'LA SPIGA', 1),
(2, 30, 'SIMON DECKER & THE SECRET FORMU', 'JENNY DOOLEY', 'EXPRESS', 1),
(2, 31, 'JUNGLE BOOK STORIES', 'RUDYARD KIPLING', 'LA SPIGA', 1),
(2, 32, 'MY DEAR AUNT & A MORNING IN LONDON', 'DONN BYRNE', 'LONGMAN', 1),
(2, 33, 'ALICE''S ADVENTURES IN WONDERLAND', 'LEWIS CARROL', 'OXFORD', 1),
(2, 34, 'THE CALL OF THE WILD', 'JACK LONDON', 'LA SPIGA', 1),
(2, 35, 'THE VISIT', 'TIM VICARY', 'STREAMLINE', 1),
(2, 36, 'THE MAGIC SLIPPERS & ...', 'LUMSDEN MILNE', 'LONGMAN', 1),
(2, 37, 'ANNE OF GREEN GABLES', 'L. M. MONTGOMERY', 'OXFORD', 1),
(2, 38, 'ROBINSON CRUSOE', 'DANIEL DEFOE', 'OXFORD', 1),
(2, 39, 'RETURN TO EARTH', 'JOHN CHRISTOPHER', 'OXFORD', 1),
(2, 40, 'L.A. WINNERS', 'PHILIP PROWSE', 'HEINEMANN', 1),
(2, 41, 'THE VISIT', 'TIM VICARY', 'STREAMLINE', 1),
(2, 42, 'ALIEN AT SCHOOL', 'MICHELLE BROWN', 'BLACK CAT', 1),
(2, 43, 'DEAD MAN''S ISLAND', 'JOHN ESCOTT', 'OXFORD', 1),
(2, 44, 'EAR-RINGS FROM FRANKFURT', 'REG WRIGHT', 'OXFORD', 1),
(2, 45, 'THE LAST OF THE MOHICANS', 'JAMES FENIMORE COOPER', 'HEINEMANN', 1),
(2, 46, 'KING ARTHUR & HIS KNIGHTS', 'GEORGE GIBSON', 'BLACK CAT', 1),
(2, 47, 'NEW YORKERS', 'O. HENRY', 'OXFORD', 1),
(2, 48, 'ELEMENTARY STORIES FOR REPRO..', 'L.A. HILL', 'OXFORD', 1),
(2, 49, 'DOUBLE DANGER ', 'TONY HOPWOOD', 'HEINEMANN', 1),
(2, 50, 'ALICE''S ADVENTURES IN WONDERLAND', 'LEWIS CARROL', 'OXFORD', 1),
(2, 51, 'IVANHOE', 'WALTER SCOTT', 'LA SPIGA', 1),
(2, 52, 'LITTLE WOMEN', 'LOUISA MAY ALCOTT', 'LA SPIGA', 1),
(2, 53, 'THE LAST OF THE MOHICANS', 'JAMES FENIMORE COOPER', 'LA SPIGA', 1),
(2, 54, 'ANNE OF GREEN GABLES', 'L. M. MONTGOMERY', 'OXFORD', 1),
(2, 55, 'HELICOPTER GIRL', 'KENNETH CRIPWELL & ...', 'METRO', 1),
(2, 56, 'HUCKLEBERRY FINN', 'MARK TWAIN', 'OXFORD', 1),
(2, 57, 'THE RAILWAY CHILDREN', 'E. NESBIT', 'PENGUIN', 1),
(2, 58, 'THE DOUBLE BASS MYSTERY', 'JEREMY HARMER', 'CAMBRIDGE', 1),
(2, 59, 'WHAT A LOTTERY!', 'COLIN CAMPBELL', 'CAMBRIDGE', 1),
(2, 60, 'PLANTS THAT BITE BACK', 'KATY PIKE & PAUL McEVOY', 'LITERATUR', 1),
(2, 61, 'TREASURE ISLAND', 'ROBERT L. STEVENSON', 'LA SPIGA', 1),
(2, 62, 'ROAD TO NOWHERE', 'JOHN MILNE', 'HEINEMANN', 1),
(2, 63, 'THE WIND IN THE WILLOWS', 'KENNETH GRAHAME', 'LONGMAN', 1),
(2, 64, 'THE RUAWAYS', 'VICTOR CANNING', 'HEINEMANN', 1),
(2, 65, 'PRIDE AND PREJUDICE', 'JANE AUSTEN', 'ABC', 1),
(2, 66, 'THE FACE ON THE SCREEN', 'PAUL VICTOR', 'LONGMAN', 1),
(2, 67, 'MOBY DICK', 'HERMAN MELVILLE', 'LA SPIGA', 1),
(2, 68, 'THREE MEN IN A BOAT', 'JEROME K. JEROME', 'LA SPIGA', 1),
(2, 69, 'LAND OF THE LONG WHITE CLOUD', 'LESLEY SEPHTON', 'BEST', 1),
(2, 70, 'ANOTHER WORLD', 'ELAINE O''REILLY', 'LONGMAN', 1),
(2, 71, 'STORIES OF OTHER WORLDS', 'H.G. WELLS', 'PENGUIN', 1),
(2, 72, 'KONG ', 'FRAN WALSH...', 'PENGUIN', 1),
(2, 73, 'NELSON MANDELA', 'COLEEN DEGNAN-VENESS', 'PENGUIN', 1),
(2, 74, 'ROUND THE WORLD IN EIGHTY DAYS', 'JULES VERNE', 'PENGUIN', 1),
(2, 75, 'E.T.', 'WILLIAM KOTZWINKLE', 'PENGUIN', 1),
(2, 76, 'HOME FOR CHRISTMAS', 'ANDREA M. HUTCHINSON', 'BLACK CAT', 1),
(2, 77, 'THE NIGHTINGALE & THE ROSE', 'OSCAR WILDE', 'ATASOY', 1),
(2, 78, 'PROFESSOR BOFFIN''S UMBRELLA', 'L.G. ALEXANDER', 'LONGMAN', 1),
(2, 79, 'THE BLACK NIGHT', 'DENISE KIRBY', 'NUANCE', 1),
(2, 80, 'FURTHER STORIES FOR READING...', 'L.A. HILL', 'LONGMAN', 1),
(2, 81, 'THE PIANO', 'ROSEMARY BORDER', 'OXFORD', 1),
(2, 82, 'MY DEAR AUNT & A MORNING IN LONDON', 'DONN BYRNE', 'LONGMAN', 1),
(2, 83, 'THE YEAR OF SHARING ', 'HARRY GILBERT', 'OXFORD', 1),
(2, 84, 'THE YEAR OF SHARING ', 'HARRY GILBERT', 'OXFORD', 1),
(2, 85, 'THE YEAR OF SHARING ', 'HARRY GILBERT', 'OXFORD', 1),
(2, 86, 'NEW YORKERS', 'O. HENRY', 'OXFORD', 1),
(2, 87, 'HENRY VIII & HIS SIX WIVES', 'JANET HARDY-GOULD', 'OXFORD', 1),
(2, 88, 'WILLIAM SHAKESPEARE', 'JENNIFER BASSET', 'OXFORD', 1),
(2, 89, 'A STRANGE AT GREEN KNOWE', 'LUCY M. BOSTON', 'OXFORD', 1),
(2, 90, 'LIGEIA & THE DIAMOND NECKLACE', 'EDGAR ALLAN POE', 'BILBILISIM', 1),
(2, 91, 'A PICTURE TO REMEMBER', 'SARAH SCOTT-MALDEN', 'CAMBRIDGE', 1),
(2, 92, 'ROBINSON CRUSOE', 'DANIEL DEFOE', 'EXPRESS', 1),
(2, 93, 'APOLLO''S GOLD', 'ANTONIETTE MOSES', 'CAMBRIDGE', 1),
(2, 94, 'THE DOUBLE BASS MYSTERY', 'JEREMY HARMER', 'CAMBRIDGE', 1),
(2, 95, 'DEAD COLD', 'SUE LEATHER', 'CAMBRIDGE', 1),
(2, 96, 'ANOTHER WORLD', 'ELAINE O''REILLY', 'PENGUIN', 1),
(2, 97, 'THE LAST JUROR', 'JOHN GRISHAM', 'PENGUIN', 1),
(2, 98, 'MR BEAN', 'RICHARD CURTIS & ROBIN ..', 'PENGUIN', 1),
(2, 99, 'MR BEAN', 'RICHARD CURTIS & ROBIN ..', 'PENGUIN', 1),
(2, 100, 'THE LADY IN THE LAKE', 'RAYMOND CHANDLER', 'PENGUIN', 1),
(2, 101, 'THE NIGTHMARE BEFORE CHRISTMAS', 'TIM BURTONS', 'PENGUIN', 1),
(2, 102, 'ROBINSON CRUSOE', 'DANIEL DEFOE', 'EXPRESS', 1),
(2, 103, 'THE EARTQUAKE', 'ELIZABETH LAIRD', 'PENGUIN', 1),
(2, 104, 'NELSON MANDELA', 'COLEEN DEGNAN-VENESS', 'PENGUIN', 1),
(2, 105, 'ANOTHER WORLD', 'ELAINE O''REILLY', 'PENGUIN', 1),
(2, 106, 'SUPER BIRD', 'BRIAN TOMLINSON', 'CAMBRIDGE', 1),
(2, 107, 'THE GOLD LASSO', 'STEPHEN RABLEY', 'LONGMAN', 1),
(2, 108, 'THE EARTQUAKE', 'ELIZABETH LAIRD', 'PENGUIN', 1),
(2, 109, 'THE CALL OF THE WILD', 'JACK LONDON', 'PENGUIN', 1),
(2, 110, 'THE MASK OF ZORRO', 'JOHN ESCOW', 'SCHOLASTIC', 1),
(2, 111, 'E.T.', 'MICHEAL NATION', 'PENGUIN', 1),
(2, 112, 'ROUND THE WORLD IN EIGHTY DAYS', 'JULES VERNE', 'PENGUIN', 1),
(2, 113, 'ALICE IN WONDERLAND', '', '', 1),
(2, 114, 'A VISIT TO MARS', '', '', 1),
(2, 115, 'JOJO''S STORY', '', '', 1),
(2, 116, 'TRAILBLAZERS', '', '', 1),
(2, 117, 'THE GREAT DISCOVERY', '', '', 1),
(2, 118, 'MOBY DICK', '', '', 1),
(2, 119, 'ANNE OF GREEN GABLES', '', '', 1),
(2, 120, 'MOBY DICK', '', '', 1),
(2, 121, 'ALICE IN WONDERLAND', '', '', 1),
(2, 122, 'AESOPS FABLES', '', '', 1),
(2, 123, 'ANDERSONS FAIRY TALES', '', '', 1),
(2, 124, 'APOLLO''S GOLD', '', '', 1),
(2, 125, 'VERY SHORT STORIES', '', '', 1),
(2, 126, 'THE RED SHOES', 'HANS CRISTIAN ANDERSAN', '', 1),
(2, 127, 'THE CALL OF THE WILD', 'JACK LONDON', 'PENGUIN', 1),
(2, 128, 'THE MUMMY', '', 'PENGUIN', 1),
(2, 129, 'DRAGON HEART', '', 'PENGUIN', 1),
(2, 130, 'DANTE''S PARK', '', 'PENGUIN', 1),
(2, 131, 'EXTREME SPORTS', 'MICHAEL DEAN', 'PENGUIN', 1),
(2, 132, 'JURASSIC PARK', '', 'PENGUIN', 1),
(2, 133, 'PROJECT OMEGA', 'ELAINE O''REILLY', 'PENGUIN', 1),
(2, 134, 'LOST IN NEW YORK', 'JOHN ESCOTT', 'PENGUIN', 1),
(2, 135, 'KONG', '', 'PENGUIN', 1),
(2, 136, 'FIVE FAMOUS FAIRY TALES', '', 'PENGUIN', 1),
(2, 137, 'THE GHOST OF GENNEY CASTLE', 'JOHN ESCOTT', 'PENGUIN', 1),
(2, 138, 'ANOTHER WORLD', '', 'PENGUIN', 1),
(2, 139, 'MOBY DICK', '', 'PENGUIN', 1),
(2, 140, 'FIVE PLAYS FOR TODAY', 'TONYA TRAPPE', 'PENGUIN', 1),
(2, 141, 'ROBIN HOOD', '', 'PENGUIN', 1),
(2, 142, 'SIMPLY SUSPENSE', '', 'PENGUIN', 1),
(2, 143, 'THE PRINCE AND THE PAUPER', 'MARK TWAIN', 'PENGUIN', 1),
(2, 144, 'THE BIRDSS', 'DAPHNE DU RAURIER', 'PENGUIN', 1),
(2, 145, 'THE LADY IN THE LAKE', 'RAYMOND CHANDLER', 'PENGUIN', 1),
(2, 146, 'STRANGER THAN FICTION', 'PHIL HEALEY', 'PENGUIN', 1),
(2, 147, 'DON QUIXOTE', 'MIGUEL DE CERVANTES', 'PENGUIN', 1),
(2, 148, 'TALES FROM HANS ANDERSEN', 'HANS ANDERSON', 'PENGUIN', 1),
(2, 149, 'GANDHI', 'JANE ROLLASAN', 'PENGUIN', 1),
(2, 150, 'TIM BURTONS THE NIGHTMARE', '', 'PENGUIN', 1),
(2, 151, 'WONDERS OF THE WORLD', 'VICKY SHIPTON', 'PENGUIN', 1),
(2, 152, 'THE SECRET GARDEN', 'FRANCES HODGSON', 'PENGUIN', 1),
(2, 153, 'LOST LOVE AND OTHER STORIES', 'JAN CAREW', 'PENGUIN', 1),
(2, 154, 'BLACK BEAUTY', 'ANNA SEWELL', 'PENGUIN', 1),
(2, 155, 'THE SCARLET PIMPERNEL', 'BARONESS EMMUSKA ...', 'PENGUIN', 1),
(2, 156, 'SHERLOCK HOLMES', 'SIR ARTHUR CONAN DOYLE', 'OXFORD', 1),
(2, 157, 'MR BEAN IN TOWN', 'ROWAN ATKINSON', 'PENGUIN', 1),
(2, 158, 'KING ARTHUR & HIS KNIGHTS', '', 'PENGUIN', 1),
(2, 159, 'E.T', '', 'PENGUIN', 1),
(2, 160, 'JOHNNY ENGLISH', '', 'PENGUIN', 1),
(2, 161, 'PIRATES OF THE CARRIBIEN', '', 'PENGUIN', 1),
(2, 162, 'KIDNAPPED', 'ROBERT LOUIS STEVENSON', 'PENGUIN', 1),
(2, 163, 'WALKABOUT', 'JAMES VANCE MARSHALL', 'PENGUIN', 1),
(2, 164, 'MOONFLEET', 'J. MEADE FALKNER', 'PENGUIN', 1),
(2, 165, 'THE RAILWAY CHILDREN', 'E. NESBIT', 'PENGUIN', 1),
(2, 166, 'BARACK OBAMA', 'COLEEN DEGNAN-VENESS', 'PENGUIN', 1),
(2, 167, 'MR. BEAN', '', 'PENGUIN', 1),
(2, 168, 'SHE WOLF', 'HECTOR H. MUNRO', 'GUGUKKUSU STORY', 1),
(2, 169, 'STORIES FROM EDGAR ALLAN POE', 'EDGAR ALLAN POE', 'KAPADOKYA ELT', 1),
(2, 170, 'KIDNAPPED', 'ROBERT LOUIS STEVENSON', 'PENGUIN', 1),
(2, 171, 'MILLER''S DAUGHTER', 'EMILE ZOLA', 'GUGUKKUSU STORY', 1),
(2, 172, 'THREE SH. ST.OF SHERLOCK HOLMES SIR ARTHUR CONAN DOYLE', 'PENGUIN', '', 1),
(2, 173, 'THREE SH. ST.OF SHERLOCK HOLMES SIR ARTHUR CONAN DOYLE', 'PENGUIN', '', 1),
(2, 174, 'THREE SH. ST.OF SHERLOCK HOLMES SIR ARTHUR CONAN DOYLE', 'PENGUIN', '', 1),
(2, 175, 'MOBY DICK', 'HERMAN MELVILLE', 'PENGUIN', 1),
(2, 176, 'MOBY DICK', 'HERMAN MELVILLE', 'PENGUIN', 1),
(2, 177, 'MOBY DICK', 'HERMAN MELVILLE', 'PENGUIN', 1),
(2, 178, 'THE LADY IN THE LAKE', 'RAYMOND CHANDLER', 'PENGUIN', 1),
(2, 179, 'THE LADY IN THE LAKE', 'RAYMOND CHANDLER', 'PENGUIN', 1),
(2, 180, 'THE LADY IN THE LAKE', 'RAYMOND CHANDLER', 'PENGUIN', 1),
(2, 181, 'ANNE OF GREEN GABLES', '', 'OXFORD', 1),
(2, 182, 'THE CHILDREN OF NEW FOREST', '', 'KAPADOKYA', 1),
(2, 183, 'THE ADVENTURES OF JACK THE...', '', 'TIYDEM', 1),
(2, 184, 'THE ADVENTURES OF JACK THE...', '', 'TIYDEM', 1),
(2, 185, 'JOHNNY ENGLISH', '', 'PENGUIN', 1),
(2, 186, 'JOHNNY ENGLISH', '', 'PENGUIN', 1),
(2, 187, 'AUDREY HEPBURN', '', 'PENGUIN', 1),
(2, 188, 'AUDREY HEPBURN', '', 'PENGUIN', 1),
(2, 189, 'THE FOX', '', 'PENGUIN', 1),
(2, 190, 'THE FOX', '', 'PENGUIN', 1),
(2, 191, 'BLACK BEAUTY', '', 'PENGUIN', 1),
(2, 192, 'BLACK BEAUTY', '', 'PENGUIN', 1),
(2, 193, 'APOLLO 13', '', 'PENGUIN', 1),
(2, 194, 'APOLLO 13', '', 'PENGUIN', 1),
(2, 195, 'MR BEAN', '', 'PENGUIN', 1),
(2, 196, 'MR BEAN', '', 'PENGUIN', 1),
(2, 197, 'GULLIVER''S TRAVELS', '', 'PENGUIN', 1),
(2, 198, 'GULLIVER''S TRAVELS', '', 'PENGUIN', 1),
(2, 199, 'LOST LOVE AND OTHER STORIES', '', 'PENGUIN', 1),
(2, 200, 'EXTREME SPORTS', '', 'PENGUIN', 1),
(2, 201, 'AMERICAN LIFE', '', 'PENGUIN', 1),
(2, 202, 'MOBY DICK', '', 'PENGUIN', 1),
(2, 203, 'GANDHI', '', 'PENGUIN', 1),
(2, 204, 'JOHNNY JE ENGLISH', '', 'PENGUIN', 1),
(2, 205, 'ALICE IN WONDERLAND', '', 'PENGUIN', 1),
(2, 206, 'KIDNAPPED', '', 'PENGUIN', 1),
(2, 207, 'BABE', '', 'PENGUIN', 1),
(2, 208, 'APOLLO 13', '', 'PENGUIN', 1),
(2, 209, 'KING ARTHUR AND THE KNIGHTS OF THE ROUND TABLE', '', 'PENGUIN', 1),
(2, 210, 'FIVE FAMOUS FAIRY TALES', '', 'PENGUIN', 1),
(2, 211, 'DRAGON HEART', '', 'PENGUIN', 1),
(2, 212, 'GULLIVER''S TRAVELS', '', 'PENGUIN', 1),
(2, 213, 'DANTE''S PEAK', '', '', 1),
(2, 214, 'ROBIN HOOD', 'ERTAN ARDANACI', 'ORIENT ', 1),
(3, 1, 'FRANKENSTEIN', '', 'OXFORD', 0),
(3, 2, 'THE HOUSE BY THE SEA', 'MARY SHELLEY', 'CAMBRIDGE', 1),
(3, 3, 'WILD COUNTRY', 'PATRICIA ASPINALL', 'CAMBRIDGE', 1),
(3, 4, 'THE LIFE OF ATATURK', 'MARGARET JOHNSON', 'METRO', 1),
(3, 5, 'RING OF BRIGHT WATER', 'D.K. SWAN', 'PENGUIN', 1),
(3, 6, 'THE TRUMPET-MAJOR', 'GAVIN MAXWELL', 'MACMILLAN', 1),
(3, 7, 'EVERY PICTURE TELLS A STORY', 'THOMAS HARDY', 'STREAMLINE', 1),
(3, 8, 'THE OUTSIDERS', 'BRIAN KEANEY', 'EASYREADERS', 1),
(3, 9, 'THE CANTERBURY TALES', 'S.E. HINTON', 'LONGMAN', 1),
(3, 10, 'INSPECTOR THACKERAY CALLS', 'GEOFFREY CHAUCER', 'LONGMAN', 1),
(3, 11, 'LIFE LINES', 'K. JAMES & L. MULLEN', 'STREAMLINE', 1),
(3, 12, 'THE STAR ZOO', 'PETER VINEY', 'OXFORD', 1),
(3, 13, 'HOW LIFE BEGAN', 'HARRY GILBERT', 'LONGMAN', 1),
(3, 14, 'RAIN MAN', 'LEWIS JONES', 'PENGUIN', 1),
(3, 15, 'ROMAN FEVER & THE OTHER TWO', 'LEONORE FLEISCHER', 'LA SPIGA', 1),
(3, 16, 'SHORT STORIES FROM DR FINLAY''...', 'EDITH WHARTON', 'LONGMAN', 1),
(3, 17, 'TALES OF TEN WORLDS', 'A.J. CRONIN', 'HEINEMANN', 1),
(3, 18, 'WHO, SIR? ME. SIR?', 'ARTHUR C. CLARKE', 'OXFORD', 1),
(3, 19, 'TOOTH AND CLAW', 'K.M. PEYTON', 'OXFORD', 1),
(3, 20, 'STRONG MEDICINE', 'SAKI', 'CAMBRIDGE', 1),
(3, 21, 'CUSTER''S GOLD', 'RICHARD MACANDREW', 'COLLINS', 1),
(3, 22, 'INCIDENT AT EAGLE ROCK', 'KENNETH ULYATT', 'BEST', 1),
(3, 23, '23rd APRIL INTERNATIONAL CHILDREN''S DAY', 'LESLEY SEPHTON', 'YAPRAK', 1),
(3, 24, 'THE REAL THING', 'BETTY ROWBOTHAM & ...', 'LA SPIGA', 1),
(3, 25, 'THE RAILWAY CHILDREN', 'HENRY JAMES', 'OXFORD', 1),
(3, 26, 'DOUBLE CROSS', 'EDITH NESBIT', 'CAMBRIDGE', 1),
(3, 27, 'DOUBLE CROSS', 'PHILIP PROWSE', 'CAMBRIDGE', 1),
(3, 28, 'THE PICTURE OF DORIAN GRAY', 'PHILIP PROWSE', 'OXFORD', 1),
(3, 29, 'THE BOOK OF HEROIC FAILURES', 'OSCAR WILDE', 'PENGUIN', 1),
(3, 30, 'THE BEAST', 'STEPHEN PILE', 'CAMBRIDGE', 1),
(3, 31, 'DAVID & MARIANNE', 'CAROLYN WALKER', 'LONGMAN', 1),
(3, 32, 'THE PICTURE OF DORIAN GRAY', 'JOHN DENT', 'OXFORD', 1),
(3, 33, 'LOVE IS A GIMMICK ...', 'OSCAR WILDE', 'LONGMAN', 1),
(3, 34, 'THE BOOK OF HEROIC FAILURES', 'PAUL GALLICO', 'PENGUIN', 1),
(3, 35, 'AROUND THE WORLD IN EIGHTY DAYS', 'STEPHEN PILE', 'ABC', 1),
(3, 36, 'RAIN MAN', 'JULES VERNE', 'PENGUIN', 1),
(3, 37, 'THE RETURN OF SHERLOCK HOLMES', 'LEONORE FLEISCHER', 'PENGUIN', 1),
(3, 38, 'MOSQUITO TOWN', 'SIR ARTHUR CONAN DOYLE', 'LONGMAN', 1),
(3, 39, 'FRANKENSTEIN', 'N. ADOMA & A.G. EYRE', 'OXFORD', 1),
(3, 40, 'AROUND THE WORLD IN EIGHTY DAYS', 'MARY SHELLEY', 'LONGMAN', 1),
(3, 41, 'THE MAIDEN''S TOWER', 'JULES VERNE', 'METRO', 1),
(3, 42, 'LIFE LINES', 'JOHN S. DYSON', 'STREAMLINE', 1),
(3, 43, 'THE RING', 'PETER VINEY', 'LONGMAN', 1),
(3, 44, 'HUCKLEBERRY FINN', 'BERNARD SMITH', 'KAPADOKYA', 1),
(3, 45, '23rd APRIL INTERNATIONAL CHILDREN''S DAY', 'MARK TWAIN', 'YAPRAK', 1),
(3, 46, 'THE COUNT OF MONTE CRISTO', 'BETTY ROWBOTHAM &...', 'LONGMAN', 1),
(3, 47, 'STRONG MEDICINE', 'ALEXANDRE DUMAS', 'CAMBRIDGE', 1),
(3, 48, 'MOSQUITO TOWN', 'RICHARD MACANDREW', 'LONGMAN', 1),
(3, 49, 'MOSQUITO TOWN', 'N. ADOMA & A.G. EYRE', 'LONGMAN', 1),
(3, 50, 'MADAME DOUBTFIRE', 'N. ADOMA & A.G. EYRE', 'PENGUIN', 1),
(3, 51, 'LITTLE WOMEN', 'ANNE FINE', 'PENGUIN', 1),
(3, 52, 'A CHRISTMAS CAROL', 'LOUISA MAY ALCOTT', 'LONGMAN', 1),
(3, 53, 'THE ADVENTURES OF HUCKLEBERRY..', 'CHARLES DICKENS', 'PENGUIN', 1),
(3, 54, 'BRAVEHEART', 'MARK TWAIN', 'PENGUIN', 1),
(3, 55, 'THE CALL OF THE WILD', 'RANDAL WALLACE', 'OXFORD', 1),
(3, 56, 'THE RETURN OF SHERLOCK HOLMES', 'JACK LONDON', 'PENGUIN', 1),
(3, 57, 'THE CALL OF THE WILD', 'SIR ARTHUR CONAN DOYLE', 'OXFORD', 1),
(3, 58, 'THE PICTURE OF DORIAN GRAY', 'JACK LONDON', 'OXFORD', 1),
(3, 59, 'THE TITANIC IS SINKING', 'OSCAR WILDE', 'COLLINS', 1),
(3, 60, 'THE BRONTE STORY', 'K.R. CRIPWELL', 'OXFORD', 1),
(3, 61, 'ROMEO AND JULIET', 'TIM VICARY', 'PENGUIN', 1),
(3, 62, 'THE RING', 'WILLIAM SHAKESPEARE', 'LONGMAN', 1),
(3, 63, 'WYATT''S HURRICANE', 'BERNARD SMITH', 'OXFORD', 1),
(3, 64, 'THE WHITE MOUNTAINS', 'DESMOND BAGLEY', 'PENGUIN', 1),
(3, 65, 'THE PICTURE OF DORIAN GRAY', 'JOHN CHRISTOPHER', 'OXFORD', 1),
(3, 66, 'MOSQUITO TOWN', 'OSCAR WILDE', 'LONGMAN', 1),
(3, 67, 'MADAME DOUBTFIRE', 'N. ADOMA & A.G. EYRE', 'PENGUIN', 1),
(3, 68, 'THE BARON OF GROGZWIG', 'ANNE FINE', 'LA SPIGA', 1),
(3, 69, 'UNCLE TOM''S CABIN', 'CHARLES DICKENS', 'KAPADOKYA', 1),
(3, 70, 'YOUTH', 'BEECHER STOWE', 'LA SPIGA', 1),
(3, 71, 'DOUBLE CROSS', 'JOSEPH CONRAD', 'CAMBRIDGE', 1),
(3, 72, 'DOUBLE TROUBLE', 'PHILIP PROWSE', 'NUANCE', 1),
(3, 73, 'THE PICTURE OF DORIAN GRAY', 'PAULINE O''^CAROLAN', 'KAPADOKYA', 1),
(3, 74, 'THE FRANCHISE AFFAIR', 'OSCAR WILDE', 'HEINEMANN', 1),
(3, 75, 'THE LEAP-FROG', 'JOSEPHINE TEY', 'TIYDEM', 1),
(3, 76, 'ROMEO AND JULIET', 'HANS ANDERSON', 'PENGUIN', 1),
(3, 77, 'AMISTAD', 'WILLIAM SHAKESPEARE', 'PENGUIN', 1),
(3, 78, 'JUST GOOD FRIENDS', 'JOYCE ANNETTE BARNES', 'CAMBRIDGE', 1),
(3, 79, 'ISLANF OF THE BLUE DOLPHINS', 'PENNY HANCOCK', 'PENGUIN', 1),
(3, 80, 'MOONDIAL', 'SCOTT O''DELL', 'OXFORD', 1),
(3, 81, 'A PUZZLE FOR LOGAN', 'HELEN CRESSWELL', 'CAMBRIDGE', 1),
(3, 82, 'MOSQUITO TOWN', 'RICHARD MACANDREW', 'LONGMAN', 1),
(3, 83, 'MOSQUITO TOWN', 'N. ADOMA & A.G. EYRE', 'LONGMAN', 1),
(3, 84, 'THE QUEST', 'N. ADOMA & A.G. EYRE', 'MACMILLAN', 1),
(3, 85, 'THE PRISONER OF ZENDA', 'MANDY LOADER', 'OXFORD', 1),
(3, 86, 'THE PRISONER OF ZENDA', 'ANTHONY HOPE', 'OXFORD', 1),
(3, 87, 'THE PRISONER OF ZENDA', 'ANTHONY HOPE', 'OXFORD', 1),
(3, 88, 'THE BOY WHO WAS AFRAID', 'ANTHONY HOPE', 'HEINEMANN', 1),
(3, 89, 'A CHRISTMAS CAROL', 'ARMSTRONG SPERRY', 'HEINEMANN', 1),
(3, 90, 'A CHRISTMAS CAROL', 'CHARLES DICKENS', 'OXFORD', 1),
(3, 91, 'JUSTICE', 'CHARLES DICKENS', 'OXFORD', 1),
(3, 92, 'MADAME DOUBTFIRE', 'TIM VICARY', 'PENGUIN', 1),
(3, 93, '22 VICTORIA ROAD', 'ANNE FINE', 'ORIENT', 1),
(3, 94, 'PRINCESS DIANA', 'SIMON GREAVES', 'PENGUIN', 1),
(3, 95, 'THE MAIDEN''S TOWER', 'CHERRY GILCHRIST', 'METRO', 1),
(3, 96, 'ROUND THE WORLD IN EIGHTY DAYS', 'JOHN S. DYSON', 'LONGMAN', 1),
(3, 97, 'ROUND THE WORLD IN EIGHTY DAYS', 'JULES VERNE', 'LONGMAN', 1),
(3, 98, 'LOVE IS A GIMMICK ...', 'JULES VERNE', 'LONGMAN', 1),
(3, 99, 'ROUND THE WORLD IN EIGHTY DAYS', 'PAUL GALLICO', 'LONGMAN', 1),
(3, 100, 'A LIFE OF HER QWN', 'JULES VERNE', 'OXFORD', 1),
(3, 101, 'ROUND THE WORLD IN EIGHTY DAYS', 'GERALDINE KAYE', 'LONGMAN', 1),
(3, 102, 'DR JEKYLL & MR HYDE', 'JULES VERNE', 'PENGUIN', 1),
(3, 103, 'THE SNOW GOOSE & OTHER STORIES', 'ROBERT L. STEVENSON', 'PENGUIN', 1),
(3, 104, 'THE RAILWAY CHILDREN', 'PAUL GALLICO', 'OXFORD', 1),
(3, 105, 'MOSQUITO TOWN', 'EDITH NESBIT', 'LONGMAN', 1),
(3, 106, 'THE SUN RISING FROM THE DARK ROOM', 'N. ADOMA & A.G. EYRE', 'YAPRAK', 1),
(3, 107, 'THE CALL OF THE WILD', 'NURAN DINLERSOZ', 'OXFORD', 1),
(3, 108, 'CHANCE OF A TIME', 'JACK LONDON', 'LONGMAN', 1),
(3, 109, 'HARD TIMES', 'MARGARET IGGULDEN', 'OXFORD', 1),
(3, 110, 'WHO, SIR? ME. SIR?', 'CHARLES DICKENS', 'OXFORD', 1),
(3, 111, 'THE PICTURE OF DORIAN GRAY', 'K.M. PEYTON', 'KAPADOKYA', 1),
(3, 112, 'THE RETURN OF SHERLOCK HOLMES', 'OSCAR WILDE', 'LONGMAN', 1),
(3, 113, 'SEVEN ONE ACT PLAYS', 'SIR ARTHUR CONAN DOYLE', 'LONGMAN', 1),
(3, 114, 'INSPECTOR THACKERAY CALLS', 'DONN BYRNE', 'LONGMAN', 1),
(3, 115, 'BLACK BEAUTY', 'KENNETH JAMES & LLOYD...', 'PENGUIN', 1),
(3, 116, 'THE STAR ZOO', 'ANNA SEWELL', 'OXFORD', 1),
(3, 117, 'THE LAW OF LIFE...', 'HARRY GILBERT', 'LA SPIGA', 1),
(3, 118, 'WHEN GOD MADE ADAM & EVE', 'JACK LONDON', 'LADYBIRD', 1),
(3, 119, 'BREAKFAST AT TIFFANY''S', 'DAVID HATELY', 'PENGUIN', 1),
(3, 120, 'LOGAN''S RUN', 'TRUMAN CAPOTE', 'PENGUIN', 1),
(3, 121, 'JAPANESE GHOST STORIES', 'WILLIAM NOLAN & GEORGE ..', 'PENGUIN', 1),
(3, 122, 'MYSTERIES OF THE UNEXPLAINED', 'LAFCADIO HEARN', 'PENGUIN', 1),
(3, 123, 'STORIES OF COURAGE', 'KATHY BURKE', 'PENGUIN', 1),
(3, 124, 'SIX GHOST STORIES', 'CLARE GRAY', 'PENGUIN', 1),
(3, 125, 'THE CURIOUS CASE OF BENJAMIN ...', 'S.H. BURTON', 'PENGUIN', 1),
(3, 126, 'THE CURIOUS CASE OF BENJAMIN ...', 'F. SCOTT FITZGERALD', 'PENGUIN', 1),
(3, 127, 'BREAKFAST AT TIFFANY''S', 'F. SCOTT FITZGERALD', 'PENGUIN', 1),
(3, 128, 'FRANKENSTEIN', 'TRUMAN CAPOTE', 'PENGUIN', 1),
(3, 129, 'SWEENY TODD', 'MARY SHELLEY', 'PENGUIN', 1),
(3, 130, 'CARMILLA', 'ANONYMOUS', 'PENGUIN', 1),
(3, 131, 'CARMILLA', 'JOSEPH SHERIDAN LE FANU', 'PENGUIN', 1),
(3, 132, 'SWEENY TODD', 'JOSEPH SHERIDAN LE FANU', 'PENGUIN', 1),
(3, 133, 'AND THEN THERE WERE NONE', 'ANONYMOUS', 'PENGUIN', 1),
(3, 134, 'CHARLES DICKENS', 'AGATHA CRISTIE', 'PENGUIN', 1),
(3, 135, 'AND THEN THERE WERE NONE', 'PAUL SHIPTON', 'PENGUIN', 1),
(3, 136, 'CHARLES DICKENS', 'AGATHA CRISTIE', 'PENGUIN', 1),
(3, 137, 'JAPANESE GHOST STORIES', 'PAUL SHIPTON', 'PENGUIN', 1),
(3, 138, 'ROMEO AND JULIET', 'LAFCADIO HEARN', 'PENGUIN', 1),
(3, 139, 'SIX GHOST STORIES', 'WILLIAM SHAKESPEARE', 'PENGUIN', 1),
(3, 140, 'HOW I MET MYSELF', 'S.H. BURTON', 'CAMBRIDGE', 1),
(3, 141, 'LOGAN''S RUN', 'DAVID A. HILL', 'PENGUIN', 1),
(3, 142, 'TALES OF THE SUPERNATURAL', 'WILLIAM F. NOLAN...', 'CAMBRIDGE', 1),
(3, 143, 'STORIES OF COURAGE', 'FRANK BRENNAN', 'PENGUIN', 1),
(3, 144, 'SILAS MARNER', 'CLARE GRAY', 'PENGUIN', 1),
(3, 145, 'THE ADVENTURES OF HUCKLEBERRY..', 'GEORGE ELIOT', 'PENGUIN', 1),
(3, 146, 'MYSTERIES OF THE UNEXPLAINED', 'MARK TWAIN', 'PENGUIN', 1),
(3, 147, 'LOVE STORY', 'KATHY BURKE', '', 1),
(3, 148, 'THE BEAST', '', '', 1),
(3, 149, 'THE ADVENTURE OF SPEKLED BAND', '', '', 1),
(3, 150, 'FRANKENSTEIN', '', '', 1),
(3, 151, 'HUCKLE BERRY FINN', '', '', 1),
(3, 152, 'MEET ME ISTANBUL', '', '', 1),
(3, 153, 'TOM SAWYER', '', '', 1),
(3, 154, 'LUCY LIGHTFINGER', 'DAMIAN MORGEN', 'SPARKLERS', 1),
(3, 155, 'LITTLE MASTER MISERY', 'RUSSIAN FAIRY TALE', '', 1),
(3, 156, 'DAVID COPPERFIELD', 'CHARLES DICKENS', 'PENGUIN', 1),
(3, 157, 'JANE EYRE', 'CHARLOTTE BRONTE', 'PENGUIN', 1),
(3, 158, 'STORIES OF SURVIVAL', 'FIONA BEDDALL', 'PENGUIN', 1),
(3, 159, 'DRACULA', 'BRAM STOKER ', 'PENGUIN', 1),
(3, 160, 'FIVE ONE-ACT PLAYS', 'DONN BYRNE', 'PENGUIN', 1),
(3, 161, 'SHERLOCK HOLMES AND THE BOSCOMBE', 'SIR ARTHUR CONAN DOYLE', 'PENGUIN', 1),
(3, 162, 'THE HORSE WHISPERER', 'NICHOLAS EVANS', 'PENGUIN', 1),
(3, 163, 'THE SNOW GOOSE & OTHER STORIES', 'PAUL GALLICO', 'PENGUIN', 1),
(3, 164, 'THE INTERPRETER', '', 'PENGUIN', 1),
(3, 165, 'NOUGHTS AND CROSSES', 'MALORIE BLACKMAN', 'PENGUIN', 1),
(3, 166, 'MATILDA', 'DANNY DEVITO', 'PENGUIN', 1),
(3, 167, 'THE PEARL', 'JOHN STEINBECK', 'PENGUIN', 1),
(3, 168, 'SIX GHOST STORIES', 'S.H. BURTON', 'PENGUIN', 1),
(3, 169, 'A HISTORY OF BRITIAN', 'FIONA BEDDALL', 'PENGUIN', 1),
(3, 170, 'MYSTERIES OF THE UNEXPLAINED', 'KATHY BURKE', 'PENGUIN', 1),
(3, 171, 'THE COUNT OF MONTE CRISTO', 'ALEXANDRE DUMAS', 'PENGUIN', 1),
(3, 172, 'THE RING', 'BERNARD SMITH', 'PENGUIN', 1),
(3, 173, 'LEAVING MICROSOFT TO CHANGE T.W', 'JOHN WOOD', 'PENGUIN', 1),
(3, 174, 'THE CARIOUS CASE BENJAMIN BUTTON', 'F. SCOTT FITZGERALD', 'PENGUIN', 1),
(3, 175, 'ROMEO AND JULIET', 'WILLIAM SHAKESPEARE', 'PENGUIN', 1),
(3, 176, 'BILLY ELLIOT', 'LEE HALL', 'PENGUIN', 1),
(3, 177, 'THE TURN OFF THE SCREW', 'HENRY JAMES', 'PENGUIN', 1),
(3, 178, 'MATILDA', 'DANNY DEVITO', 'PENGUIN', 1),
(3, 179, 'JAPANESE GHOST STORIES', 'LAFCADIO HEARN', 'PENGUIN', 1),
(3, 180, 'SILAS MARNER', 'GEORGE ELIOT', 'PENGUIN', 1),
(3, 181, 'THE HUNCHBACK OF NOTRE-DAME', 'VICTOR HUGO', 'PENGUIN', 1),
(3, 182, 'DR JEKYLL & MR HYDE', 'ROBERT LOUIS STEVENSON', 'PENGUIN', 1),
(3, 183, 'JIM SMILEY AND HIS JUMPING', 'MARK TWAIN', 'PENGUIN', 1),
(3, 184, 'HAMLET', 'WILLIAM SHAKESPEARE', 'PENGUIN', 1),
(3, 185, 'NOTHING HILL', 'RICHARD CURTS', 'PENGUIN', 1),
(3, 186, 'GREY OWL', 'RICKY SHIPTON', 'PENGUIN', 1),
(3, 187, 'THE LAST KING OF SCOTLAND', 'GILES FODEN', 'PENGUIN', 1),
(3, 188, 'THE FUGITIVE', 'J.M. DILLARD', 'PENGUIN', 1),
(3, 189, 'MARTIN LUTHER KING', 'COLEEN DEGNAN-VENESS', 'PENGUIN', 1),
(3, 190, 'OTHELLO', 'WILLIAM SHAKESPEARE', 'PENGUIN', 1),
(3, 191, 'MADAME DOUBTFIRE', 'ANNE FINE', 'PENGUIN', 1),
(3, 192, 'MADAME DOUBTFIRE', 'ANNE FINE', 'PENGUIN', 1),
(3, 193, 'MADAME DOUBTFIRE', 'ANNE FINE', 'PENGUIN', 1),
(3, 194, 'THE FUGITIVE', 'J. M. DILLARD', 'PENGUIN', 1),
(3, 195, 'THE FUGITIVE', 'J. M. DILLARD', 'PENGUIN', 1),
(3, 196, 'THE FUGITIVE', 'J. M. DILLARD', 'PENGUIN', 1),
(3, 197, 'DR JEKYLL & MR HYDE', 'ROBERT L. STEVENSON', 'PENGUIN', 1),
(3, 198, 'DR JEKYLL & MR HYDE', 'ROBERT L. STEVENSON', 'PENGUIN', 1),
(3, 199, 'DR JEKYLL & MR HYDE', 'ROBERT L. STEVENSON', 'PENGUIN', 1),
(3, 200, 'BRAVEHEART', 'RANDALL WALLACE', 'PENGUIN', 1),
(3, 201, 'BRAVEHEART', 'RANDALL WALLACE', 'PENGUIN', 1),
(3, 202, 'BRAVEHEART', 'RANDALL WALLACE', 'PENGUIN', 1),
(3, 203, 'VANITY FAIR', 'WILLIAM M. THACKERAY', 'PENGUIN', 1),
(3, 204, 'VANITY FAIR', 'WILLIAM M. THACKERAY', 'PENGUIN', 1),
(3, 205, 'FOOD FOR THOUGHT', 'PAULINE FRANCIS', 'PENGUIN', 1),
(3, 206, 'FOOD FOR THOUGHT', 'PAULINE FRANCIS', 'PENGUIN', 1),
(3, 207, 'FOOD FOR THOUGHT', 'PAULINE FRANCIS', 'PENGUIN', 1),
(3, 208, 'BILLY ELLIOT', '', 'PENGUIN', 1),
(3, 209, 'BILLY ELLIOT', '', '', 1),
(3, 210, 'BILLY ELLIOT', '', '', 1),
(3, 211, 'FORREST GUMP', '', '', 1),
(3, 212, 'FORREST GUMP', '', '', 1),
(3, 213, 'DANGEROUS GAME', 'WILLIAM HARRIS', 'LONGMAN', 1),
(3, 214, 'DANGEROUS GAME', 'WILLIAM HARRIS', 'LONGMAN', 1),
(3, 215, 'FORREST GUMP', '', 'PENGUIN', 1),
(3, 216, 'NOUGHTS AND CROSSES', '', 'PENGUIN', 1),
(3, 217, 'NOUGHTS AND CROSSES', '', 'PENGUIN', 1),
(3, 218, 'DRACULA', '', 'PENGUIN', 1),
(3, 219, 'DRACULA', '', 'PENGUIN', 1),
(3, 220, 'GREY OWL', '', 'PENGUIN', 1),
(3, 221, 'GREY OWL', '', 'PENGUIN', 1),
(3, 222, 'THE COUNT OF MONTE CRISTO', '', 'PENGUIN', 1),
(3, 223, 'THE COUNT OF MONTE CRISTO', '', 'PENGUIN', 1),
(3, 224, 'MARTIN LUTHER KING', '', 'PENGUIN', 1),
(3, 225, 'MARTIN LUTHER KING', '', 'PENGUIN', 1),
(3, 226, 'SHERLOCK HOLMES', '', 'PENGUIN', 1),
(3, 227, 'SHERLOCK HOLMES AND THE BOSCOMBE', '', 'PENGUIN', 1),
(3, 228, 'JANE EYRE', '', 'PENGUIN', 1),
(3, 229, 'LEAVING MICROSOFT TO CHANGE THE WORLD', '', 'PENGUIN', 1),
(3, 230, 'MATILDA', '', 'PENGUIN', 1),
(3, 231, 'MATILDA', '', 'PENGUIN', 1),
(3, 232, 'DR JEKYLL AND MR HYDE', '', 'PENGUIN', 1),
(3, 233, 'OTHELLO', '', 'PENGUIN', 1),
(3, 234, 'MARTIN LUTHER KING', '', 'PENGUIN', 1),
(3, 235, 'HAMLET', '', 'PENGUIN', 1),
(3, 236, 'MY FAIR LADY', '', 'PENGUIN', 1),
(3, 237, 'MADAME DOUBTFIRE', '', 'PENGUIN', 1),
(3, 238, 'TALES OF THE SUPERNATURAL', 'FRANK BRENNAN', 'CAMBRIDGE', 1),
(3, 239, 'A PUZZLE FOR LOGAN', 'RICHARD MACANDREW', 'CAMBRIDGE', 1),
(3, 240, 'TOM SAWYER', 'MARK TWAIN', 'KAPADOKYA', 1),
(3, 241, 'INCIDENT AT EAGLE ROCK', 'LESLEY SEPHTON', 'BEST', 1),
(3, 242, 'CITY OF SECRETS', 'JOHN DYSON', 'BEST', 1),
(4, 1, 'CRIME STORY COLLECTION', '', 'PENGUIN', 0),
(4, 2, 'THE SPECKLED BAND & OTHER...', 'SARA PARETSKY & OTHERS', 'HEINEMANN', 1),
(4, 3, 'CLOUD COMPANY', 'SIR ARTHUR CONAN DOYLE', 'OXFORD', 1),
(4, 4, 'THE DREAM & OTHER STORIES', 'CLARE WEST', 'PENGUIN', 1),
(4, 5, 'TREASURE ISLAND', 'DAPHNE DU MAURIER...', 'OXFORD', 1),
(4, 6, 'CRIME STORY COLLECTION', 'ROBERT L. STEVENSON', 'PENGUIN', 1),
(4, 7, 'THREE MEN IN A BOAT', 'SARA PARETSKY & OTHERS', 'OXFORD', 1),
(4, 8, 'DESERT MOUNTAIN SEA', 'JEROME K. JEROME', 'OXFORD', 1),
(4, 9, 'HOW GREEN WAS MY WALLET', 'SUE LEATHER', 'PENGUIN', 1),
(4, 10, 'EVIL UNDER THE SUN', 'RICHARD LLEWELLYN', 'PENGUIN', 1),
(4, 11, 'DEATH OF AN ENGLISHMAN', 'AGATHA CRISTIE', 'OXFORD', 1),
(4, 12, 'ABOUT A BOY', 'MAGDELEN NABB', 'PENGUIN', 1),
(4, 13, 'STORIES OF MYSTERY AND IMAGINAT...', 'NICK HORNBY', 'LONGMAN', 1),
(4, 14, 'THE BIG SLEEP', 'EDGAR ALLAN POE', 'OXFORD', 1),
(4, 15, 'THE ELEPHANT''S CHILD & OTHER...', 'RAYMOND CHANDLER', 'DOVER', 1),
(4, 16, 'THE MOSQUITO TOWN', 'RUDYARD KIPLING', 'PENGUIN', 1),
(4, 17, 'THE CALL OF THE WILD', 'PAUL THEROUX', 'EASYREADERS', 1),
(4, 18, 'THE FRANCHISE AFFAIR', 'JACK LONDON', 'HEINEMANN', 1),
(4, 19, 'GONE WITH THE WIND', 'JOSEPHINE TEY', 'PENGUIN', 1),
(4, 20, 'COURT VLAD', 'MARGARET MITCHELL', 'EXPRESS', 1),
(4, 21, 'THE GREAT GATSBY', 'JENNY DOOLEY', 'HEINEMANN', 1),
(4, 22, 'TREASURE ISLAND', 'F. SCOTT FITZGERALD', 'OXFORD', 1),
(4, 23, 'LEONARDO DA VINCI', 'ROBERT L. STEVENSON', 'PENGUIN', 1),
(4, 24, 'THE ABC MURDERS', 'GEORGIA CLARKE', 'PENGUIN', 1),
(4, 25, 'AROUND THE WORLD IN EIGHTY DAYS', 'AGATHA CRISTIE', 'ABC', 1),
(4, 26, 'THE ABC MURDERS', 'JULES VERNE', 'PENGUIN', 1),
(4, 27, 'EVIL UNDER THE SUN', 'AGATHA CRISTIE', 'PENGUIN', 1),
(4, 28, 'I''M THE KING OF THE CASTLE', 'AGATHA CRISTIE', 'HEINEMANN', 1),
(4, 29, 'HUCKLEBERRY FINN', 'SUSAN HILL', 'ABC', 1),
(4, 30, 'THE SNOW GOOSE & OTHER STORIES', 'MARK TWAIN', 'LONGMAN', 1),
(4, 31, 'THE FRANCHISE AFFAIR', 'PAUL GALLICO', 'HEINEMANN', 1),
(4, 32, 'THE THIRTY NINE STEPS', 'JOSEPHINE TEY', 'LONGMAN', 1),
(4, 33, 'CAPTAINS COURAGEOUS', 'JOHN BUCHAN', 'ABC', 1),
(4, 34, 'TREASURE ISLAND', 'RUDYARD KIPLING', 'ABC', 1),
(4, 35, 'THE FALAKA', 'ROBERT L. STEVENSON', 'ORIENT', 1),
(4, 36, 'TREASURE ISLAND', 'OMER SEYFETTIN', 'ABC', 1),
(4, 37, 'ROBINSON CRUSOE', 'ROBERT L. STEVENSON', 'ABC', 1),
(4, 38, 'TOM SAWYER', 'DANIEL DEFOE', 'ABC', 1),
(4, 39, 'THE CONSPIRATORS', 'SAMUEL CLEMENS', 'LONGMAN', 1),
(4, 40, 'ROBINSON CRUSOE', 'ALEXANDRE DUMAS', 'ABC', 1),
(4, 41, 'THE FULL MONTY', 'DANIEL DEFOE', 'PENGUIN', 1),
(4, 42, 'DESERT MOUNTAIN SEA', 'WENDY HOLDEN', 'OXFORD', 1),
(4, 43, 'TREASURE ISLAND', 'SUE LEATHER', 'LONGMAN', 1),
(4, 44, 'THE ODYSSEY', 'ROBERT L. STEVENSON', '', 1),
(4, 45, 'THREE MEN IN A BOAT', 'HOMER', 'OXFORD', 1),
(4, 46, 'THE FORGER', 'JEROME K. JEROME', 'LONGMAN', 1),
(4, 47, 'SLAUGHTERHOUSE-FIVE', 'ROBERT O''NEILL', 'EASYREADERS', 1),
(4, 48, 'HUCKLEBERRY FINN', 'KURT VONNEGUT', 'COLLINS', 1),
(4, 49, 'AROUND THE WORLD IN EIGHTY DAYS', 'MARK TWAIN', 'ABC', 1),
(4, 50, 'THE RED PONY', 'JULES VERNE', 'PENGUIN', 1),
(4, 51, 'MEET ME ISTANBUL', 'JOHN STEINBECK', 'HEINEMANN', 1),
(4, 52, 'THE FORGER', 'RICHARD CHISHOLM', 'LONGMAN', 1),
(4, 53, 'THE FULL MONTY', 'ROBERT O''NEILL', 'PENGUIN', 1),
(4, 54, 'THE RED PONY', 'WENDY HOLDEN', 'PENGUIN', 1),
(4, 55, 'NO COMEBACKS & OTHER STORIES', 'JOHN STEINBECK', 'HEINEMANN', 1),
(4, 56, 'KIDNAPPED', 'STEPHEN COLBOURN', 'ABC', 1),
(4, 57, 'JANE EYRE', 'ROBERT LOUIS STEVENSON', 'ABC', 1),
(4, 58, 'STORIES OF SHAKESPEARE''S PLAYS', 'CHARLOTTE BRONTE', 'OXFORD', 1),
(4, 59, 'THE PRISONER OF ZENDA', 'N. KATES', 'LONGMAN', 1),
(4, 60, 'THE FORGER', 'ANTHONY HOPE', 'LONGMAN', 1),
(4, 61, 'SECRET CODES', 'ROBERT O''NEILL', 'PENGUIN', 1),
(4, 62, 'THE RED PONY', 'KEN BEATTY', 'PENGUIN', 1),
(4, 63, 'THE MONKEY KING', 'JOHN STEINBECK', 'PENGUIN', 1),
(4, 64, 'THE MONKEY KING', 'WU CHENGEN', 'PENGUIN', 1),
(4, 65, 'THE GREAT DISCOVERY', 'WU CHENGEN', 'LONGMAN', 1),
(4, 66, 'SEVEN', 'MANDY LOADER', 'PENGUIN', 1),
(4, 67, 'THE FORGER', 'ANTHONY BRUNO', 'LONGMAN', 1),
(4, 68, 'SHORT, SWEET AND SOUR', 'ROBERT O''NEILL', 'BEST', 1),
(4, 69, 'HEKIMOGLU', 'FRANCES MELLING', 'YAPRAK', 1),
(4, 70, 'LORNA DOONE', 'ABDULKADIR GUL', 'LONGMAN', 1),
(4, 71, 'ROBINSON CRUSOE', 'R.D. BLACKMORE', 'ABC', 1),
(4, 72, 'ALICE''S ADVENTURES IN WONDERLAND', 'DANIEL DEFOE', 'OXFORD', 1),
(4, 73, 'ROBINSON CRUSOE', 'LEWISS CARROLL', 'ABC', 1),
(4, 74, 'JANE EYRE', 'DANIEL DEFOE', 'ABC', 1),
(4, 75, 'THE MAN WHO MADE DIAMOND', 'CHARLOTTE BRONTE', 'LONGMAN', 1),
(4, 76, 'THE ADVENTURES OF HUCKLEBERRY..', 'MANDY LOADER', 'ABC', 1),
(4, 77, 'BLEAK HOUSE', 'MARK TWAIN', 'PENGUIN', 1),
(4, 78, 'THE MARBLE WORKBENCH', 'CHARLES DICKENS', 'SURAT', 1),
(4, 79, 'THE HONG KONG CONNECTION', 'OMER SEYFETTIN', 'LONGMAN', 1),
(4, 80, 'THE HONG KONG CONNECTION', 'PETER COOPER', 'LONGMAN', 1),
(4, 81, 'MORE LEGENDS OF DEDE KORKUT', 'PETER COOPER', 'INKILAP', 1),
(4, 82, 'CAPTAINS COURAGEOUS', 'P. MIRABILE', 'ABC', 1),
(4, 83, 'THE HONG KONG CONNECTION', 'RUDYARD KIPLING', 'LONGMAN', 1),
(4, 84, 'LEONARDO DA VINCI', 'PETER COOPER', 'PENGUIN', 1),
(4, 85, 'GONE WITH THE WIND', 'GEORGIA CLARKE', 'PENGUIN', 1),
(4, 86, 'SILAS MARNER', 'MARGARET MITCHELL', 'HEINEMANN', 1),
(4, 87, 'THE SILVER SWORD', 'GEORGE ELIOT', 'OXFORD', 1),
(4, 88, 'NICHOLAS NICKLEBY', 'IAN SERRAILLIER', 'PENGUIN', 1),
(4, 89, 'CITY OF SECRETS', 'CHARLES DICKENS', 'BEST', 1),
(4, 90, 'THE TAMING OF THE SHREW', 'JOHN DYSON', 'BLACK CAT', 1),
(4, 91, 'HAMLET', 'WILLIAM SHAKESPEARE', 'ABC', 1),
(4, 92, 'TOM SAWYER', 'WILLIAM SHAKESPEARE', 'ABC', 1),
(4, 93, 'OLIVER TWIST', 'SAMUEL CLEMENS', 'PENGUIN', 1),
(4, 94, 'THE ABC MURDERS', 'CHARLES DICKENS', 'PENGUIN', 1),
(4, 95, 'ABOUT A BOY', 'AGATHA CRISTIE', 'PENGUIN', 1),
(4, 96, 'NICHOLAS NICKLEBY', 'NICK HORNBY', 'PENGUIN', 1),
(4, 97, 'THE COPPER BEECHES', 'CHARLES DICKENS', 'TIYDEM', 1),
(4, 98, 'THE DIARY OF A YOUNG GIRL', 'ARTHUR CONAN DOYLE', 'PENGUIN', 1),
(4, 99, 'THE BEST STORIES OF OMER SEY..', 'ANNE FRANK', 'METRO', 1),
(4, 100, 'GOODBYE SUMMER BLUES', 'D.K. SWAN', 'LONGMAN', 1),
(4, 101, 'SECRET CODES', 'PHILIP PROWSE', 'PENGUIN', 1),
(4, 102, 'OLIVER TWIST', 'KEN BEATTY', 'PENGUIN', 1),
(4, 103, 'BLEAK HOUSE', 'CHARLES DICKENS', 'PENGUIN', 1),
(4, 104, 'THE BODY IN THE LIBRARY', 'CHARLES DICKENS', 'PENGUIN', 1),
(4, 105, 'THE BODY IN THE LIBRARY', 'AGATHA CRISTIE', 'PENGUIN', 1),
(4, 106, 'THE ODYSSEY', 'AGATHA CRISTIE', 'PENGUIN', 1),
(4, 107, 'HOW GREEN WAS MY WALLET', 'HOMER', 'PENGUIN', 1),
(4, 108, 'JANE EYRE', 'RICHARD LLEWELLYN', '', 1),
(4, 109, 'TREASURE ISLAND', '', '', 1),
(4, 110, 'SHORT STORIES', '', '', 1),
(4, 111, 'THE HOUND OF THE BASKERVILLES', '', '', 1),
(4, 112, 'FAMOUS FICTION FOR YOU', 'ROSEMARY SCOTT', '', 1);
INSERT INTO `kitap_bilgi` (`KitapSeviyeNo`, `KitapNo`, `KitapAdi`, `YazarAdi`, `YayinEvi`, `VarMi`) VALUES
(4, 113, 'FAMOUS FICTION FOR YOU', 'ROSEMARY SCOTT', '', 1),
(4, 114, 'FAMOUS FICTION FOR YOU', 'ROSEMARY SCOTT', '', 1),
(4, 115, 'FAMOUS FICTION FOR YOU', 'ROSEMARY SCOTT', '', 1),
(4, 116, 'FAMOUS FICTION FOR YOU', 'ROSEMARY SCOTT', '', 1),
(4, 117, 'FAMOUS FICTION FOR YOU', 'ROSEMARY SCOTT', '', 1),
(4, 118, 'FAMOUS FICTION FOR YOU', 'ROSEMARY SCOTT', '', 1),
(4, 119, 'FAMOUS FICTION FOR YOU', 'ROSEMARY SCOTT', '', 1),
(4, 120, 'FAMOUS FICTION FOR YOU', 'ROSEMARY SCOTT', '', 1),
(4, 121, 'THE DIARY OF A YOUNG GIRL', 'ANNE FRANK', 'PENGUIN', 1),
(4, 122, 'THE DAY OF THE JACKAL', 'FREDERICK FORSYTH', 'PENGUIN', 1),
(4, 123, 'TEACHER MAN ', 'FRANK MCcOURT', 'PENGUIN', 1),
(4, 124, 'THE DIARY OF A YOUNG GIRL', 'ANNE FRANK', 'PENGUIN', 1),
(4, 125, '1984', 'GEORGE ORWELL', 'PENGUIN', 1),
(4, 126, 'KING SOLOMON''S MINES', 'SIR H. RIDER HAGGARD', 'PENGUIN', 1),
(4, 127, 'THREE ADVENTURES OF S.H', 'SIR ARTHUR CONAN DOYLE', 'PENGUIN', 1),
(4, 128, 'THE PICTURE OF DORIAN GRAY', 'OSCAR WILDE', 'PENGUIN', 1),
(4, 129, 'THE DOLLS HOUSE AND O.S', 'KATHERINA MANSFIELD', 'PENGUIN', 1),
(4, 130, 'ON THE BEACH', 'NEVIL SHUTE', 'PENGUIN', 1),
(4, 131, 'TEARS OF THE GIRAFFE', 'ALEXANDRE MCCALL SMITH', 'PENGUIN', 1),
(4, 132, 'INVENTIONS THAT CHANGED WORLD', 'DAVID MAULE', 'PENGUIN', 1),
(4, 133, 'GONE WITH THE WIND', 'MARGARET MITCHELL', 'PENGUIN', 1),
(4, 134, 'THE BODY IN THE LIBRARY', 'AGATHA CRISTIE', 'PENGUIN', 1),
(4, 135, 'SECRET CODES', 'KEN BEATTY', 'PENGUIN', 1),
(4, 136, 'ABOUT A BOY', 'NICK HORNBY', 'PENGUIN', 1),
(4, 137, 'THE ODYSSEY', 'HOMER', 'PENGUIN', 1),
(4, 138, 'ALEXANDER THE GREAT', 'FIONA BEDDALL', 'PENGUIN', 1),
(4, 139, 'THE RED PONY', 'JOHN STEINBECK', 'PENGUIN', 1),
(4, 140, 'THE-GO BETWEEN', 'L.P. HARTLEY', 'PENGUIN', 1),
(4, 141, 'THE KALAHARI TYPING SCHOOL FOR MEN', 'ALEXANDER MCCAL SMITH', 'PENGUIN', 1),
(4, 142, 'THE MOSQUITO COAST', 'PAUL THEROUX', 'PENGUIN', 1),
(4, 143, 'THE ABC MURDERS', 'AGATHA CRISTIE', 'PENGUIN', 1),
(4, 144, 'SADKO', 'TIYDEM YAYINLARI', 'TIYDEM', 1),
(4, 145, 'the lost world', '', 'penguin', 1),
(4, 146, 'the lost world', '', '', 1),
(4, 147, 'the diary of a young girl', '', '', 1),
(4, 148, 'the diary of a young girl', '', 'PENGUIN', 1),
(4, 149, 'the diary of a young girl', '', 'PENGUIN', 1),
(4, 150, 'GONE WITH THE WIND PART 1', '', 'PENGUIN', 1),
(4, 151, 'GONE WITH THE WIND PART 1', '', 'PENGUIN', 1),
(4, 152, 'GONE WITH THE WIND PART 1', '', 'PENGUIN', 1),
(4, 153, 'GONE WITH THE WIND PART 2', '', 'PENGUIN', 1),
(4, 154, 'GONE WITH THE WIND PART 2', '', 'PENGUIN', 1),
(4, 155, 'GONE WITH THE WIND PART 2', '', 'PENGUIN', 1),
(4, 156, 'LOVE ACTUALLY', '', 'PENGUIN', 1),
(4, 157, 'LOVE ACTUALLY', '', 'PENGUIN', 1),
(4, 158, 'LOVE ACTUALLY', '', 'PENGUIN', 1),
(4, 159, 'STRANGERS ON A TRAIN', '', 'PENGUIN', 1),
(4, 160, 'THE STREET LAWYER', '', 'PENGUIN', 1),
(4, 161, 'THE STREET LAWYER', '', 'PENGUIN', 1),
(4, 162, 'THE STREET LAWYER', '', 'PENGUIN', 1),
(4, 163, 'FAR FROM THE MADDING CROWD', '', 'PENGUIN', 1),
(4, 164, 'FAR FROM THE MADDING CROWD', '', 'PENGUIN', 1),
(4, 165, 'FAR FROM THE MADDING CROWD', '', 'PENGUIN', 1),
(4, 166, 'THE BREATHING METHOD', '', 'PENGUIN', 1),
(4, 167, 'THE BREATHING METHOD', '', 'PENGUIN', 1),
(4, 168, 'THE BREATHING METHOD', '', 'PENGUIN', 1),
(4, 169, 'THE CLIENT', '', 'PENGUIN', 1),
(4, 170, 'THE CLIENT', '', 'PENGUIN', 1),
(4, 171, 'THE CLIENT', '', 'PENGUIN', 1),
(4, 172, 'ABOUT A BOY', '', 'PENGUIN', 1),
(4, 173, 'ABOUT A BOY', '', 'PENGUIN', 1),
(4, 174, 'ABOUT A BOY', '', 'PENGUIN', 1),
(4, 175, 'EMMA', '', 'PENGUIN', 1),
(4, 176, 'EMMA', '', 'PENGUIN', 1),
(4, 177, 'EMMA', '', 'PENGUIN', 1),
(4, 178, 'THE DIARY OF A YOUNG GIRL', '', 'PENGUIN', 1),
(4, 179, 'MURDER ON THE ORIENT EXPRESS', '', 'PENGUIN', 1),
(4, 180, 'THE BREATHING METHOD', '', 'PENGUIN', 1),
(4, 181, 'THE MIRROR CRACK''D FROM SIDE TO SIDE', '', 'PENGUIN', 1),
(4, 182, 'THREE ADVENTURES OF SHERLOCK HOLMES', '', 'PENGUIN', 1),
(4, 183, 'THE GODFATHER', '', '', 1),
(4, 184, 'SHORT', 'SWEET AND SOUR', '', 1),
(4, 185, 'THE HOUND OF THE BASKERVILLES', '', '', 1),
(4, 186, 'THE CANTERVILLE GHOST AND O. STORIES', 'OSCAR WILDE', 'LONGMAN', 1),
(4, 187, 'GULLIVER''S TRAVELS', 'JONATHAN SWIFT', 'OXFORD', 1),
(4, 188, 'CITY OF SECRETS', 'JOHN DYSON', 'BEST', 1),
(5, 1, 'GREAT EXPECTATIONS', '', 'OXFORD', 0),
(5, 2, 'EXPERIENCES OF TERROR', 'CHARLES DICKENS', 'NELSON', 1),
(5, 3, 'WUTHERING HEIGHTS', 'ROLAND JOHN', 'BLACK CAT', 1),
(5, 4, 'LITTLE WOMEN', 'EMILY BRONTE', 'KAPADOKYA', 1),
(5, 5, 'WUTHERING HEIGHTS', 'LUISA MAY ALCOTT', 'BLACK CAT', 1),
(5, 6, 'DRIVE INTO DANGER', 'EMILY BRONTE', 'OXFORD', 1),
(5, 7, 'THE ADVENTURES OF TOM SAWYER', 'ROSEMARY BORDER', 'LONGMAN', 1),
(5, 8, 'DEADLOCK', 'MARK TWAIN', 'OXFORD', 1),
(5, 9, 'AIRPORT', 'SARA PARETSKY', 'LONGMAN', 1),
(5, 10, 'RIVER OF DREAMS', 'ARTHUR HAILEY', 'NUANCE', 1),
(5, 11, 'HEAT AND DUST', 'PHILIP VOYSEY', 'OXFORD', 1),
(5, 12, 'KING SOLOMON''S MINES', 'RUTH PRAWER JHABVALA', 'WORDSWORTH', 1),
(5, 13, 'BRAT FARRAR', 'H.RIDER HAGGARD', 'OXFORD', 1),
(5, 14, 'THE LOST SHIP', 'JOSEPHINE TEY', 'HEINEMANN', 1),
(5, 15, 'GREAT EXPECTATIONS', 'JAMESTOWN', 'OXFORD', 1),
(5, 16, 'WUTHERING HEIGHTS', 'CHARLES DICKENS', 'OXFORD', 1),
(5, 17, 'THE PELICAN BRIEF', 'EMILY BRONTE', 'PENGUIN', 1),
(5, 18, 'THE BRIDE PRICE', 'JOHN GRISHAM', 'OXFORD', 1),
(5, 19, 'THE ADVENTURES OF TOM SAWYER', 'BUCHI EMECHETA', 'LONGMAN', 1),
(5, 20, 'THIS ROUGH MAGIC', 'MARK TWAIN', 'OXFORD', 1),
(5, 21, 'WUTHERING HEIGHTS', 'MARY STEWART', 'OXFORD', 1),
(5, 22, 'GREAT EXPECTATIONS', 'EMILY BRONTE', 'OXFORD', 1),
(5, 23, 'A NEW ZEALAND ADVENTURE', 'CHARLES DICKENS', 'OXFORD', 1),
(5, 24, 'THE PENANG FILE', 'JAN THORBURN', 'CAMBRIDGE', 1),
(5, 25, 'THE PEARL', 'RICHARD MACANDREW', 'POCKET-PUFFINS', 1),
(5, 26, 'DAVID COPPERFIELD', 'HELME HEINE', 'OXFORD', 1),
(5, 27, 'VICE VERSA', 'CHARLES DICKENS', 'LONGMAN', 1),
(5, 28, 'DAVID COPPERFIELD', 'F. ANSTEY', 'LONGMAN', 1),
(5, 29, 'DR NO', 'CHARLES DICKENS', 'MACMILLAN', 1),
(5, 30, 'ON THE BEACH', 'IAN FLEMING', 'LONGMAN', 1),
(5, 31, 'THIS ROUGH MAGIC', 'NEVIL SHUTE', 'OXFORD', 1),
(5, 32, 'GULLIVER IN LILLIPUT', 'MARY STEWART', 'LA SPIGA', 1),
(5, 33, 'THE RETURN OF THE NATIVE', 'L. FRANK BAUM', 'HEINEMANN', 1),
(5, 34, 'EMMA', 'THOMAS HARDY', 'BLACK CAT', 1),
(5, 35, 'THE GREAT GATSBY', 'JANE AUSTEN', 'BLACK CAT', 1),
(5, 36, 'ON THE BEACH', 'F. SCOTT FITZGERALD', 'LONGMAN', 1),
(5, 37, 'WUTHERING HEIGHTS', 'NEVIL SHUTE', 'BLACK CAT', 1),
(5, 38, 'HEAT AND DUST', 'EMILY BRONTE', 'OXFORD', 1),
(5, 39, 'GREAT AMERICAN STORIES', 'RUTH PRAWER JHABVALA', 'PRENTICE', 1),
(5, 40, 'GREAT EXECTATIONS', 'C.G. DRAPER', '', 1),
(5, 41, 'REGINALD', '', '', 1),
(5, 42, 'FOOTPRINTS IN THE JUNGLE', 'W.SOMERSET MAUGHAM', 'HEINEMANN', 1),
(5, 43, 'FAMOUS FICTION FOR YOU', 'ROSEMARY SCOTT', '', 1),
(5, 44, 'FAMOUS FICTION FOR YOU', 'ROSEMARY SCOTT', '', 1),
(5, 45, 'THE BODY', 'STEPHEN KING', 'PENGUIN', 1),
(5, 46, 'THE PHANTOM OF THE OPERA', 'GASTON LEROUW', 'PENGUIN', 1),
(5, 47, 'THE INVISIBLE MAN', 'H.G WELLS', 'PENGUIN', 1),
(5, 48, 'DEATH ON THE NILE', 'AGATHA CRISTIE', 'PENGUIN', 1),
(5, 49, 'TASTE AND OTHER TALES', 'ROALD DAHL', 'PENGUIN', 1),
(5, 50, 'THE GRAPES OF WRATH', 'JOHN STEINBECK', 'PENGUIN', 1),
(5, 51, 'ROUND THE WORLD IN EIGHTY DAYS', 'JULES WERNE', 'PENGUIN', 1),
(5, 52, 'HEARTH OF DARKNESS', '', 'PENGUIN', 1),
(5, 53, 'HEARTH OF DARKNESS', '', 'PENGUIN', 1),
(5, 54, 'THE GRAPES OF WRATH', '', 'PENGUIN', 1),
(5, 55, 'THE GRAPES OF WRATH', '', 'PENGUIN', 1),
(5, 56, 'THE TALENTED MR RIPLEY', '', 'PENGUIN', 1),
(5, 57, 'THE TALENTED MR RIPLEY', '', 'PENGUIN', 1),
(5, 58, 'THE TALENTED MR RIPLEY', '', 'PENGUIN', 1),
(5, 59, 'THE BODY', '', 'PENGUIN', 1),
(5, 60, 'THE BODY', '', 'PENGUIN', 1),
(5, 61, 'THE BODY', '', 'PENGUIN', 1),
(5, 62, 'FOUR WEDDING AND A FUNERAL', '', 'PENGUIN', 1),
(5, 63, 'FOUR WEDDING AND A FUNERAL', '', 'PENGUIN', 1),
(5, 64, 'FOUR WEDDING AND A FUNERAL', '', 'PENGUIN', 1),
(5, 65, 'STORIES OF DETECTION AND MYST...', '', 'PENGUIN', 1),
(5, 66, 'STORIES OF DETECTION AND MYST...', '', 'PENGUIN', 1),
(5, 67, 'STORIES OF DETECTION AND MYST...', '', 'PENGUIN', 1),
(5, 68, 'THE CITADEL', '', 'PENGUIN', 1),
(5, 69, 'THE CITADEL', '', 'PENGUIN', 1),
(5, 70, 'THE CITADEL', '', 'PENGUIN', 1),
(5, 71, 'L.A. CONFIDENTIAL ', '', 'PENGUIN', 1),
(5, 72, 'L.A. CONFIDENTIAL ', '', 'PENGUIN', 1),
(5, 73, 'L.A. CONFIDENTIAL ', '', 'PENGUIN', 1),
(5, 74, 'THE PRISONER OF ZENDA', '', 'PENGUIN', 1),
(5, 75, 'THE PRISONER OF ZENDA', '', 'PENGUIN', 1),
(5, 76, 'THE PRISONER OF ZENDA', '', 'PENGUIN', 1),
(5, 77, 'TALES OF MYSTERY AND IMAGINATION', '', 'PENGUIN', 1),
(5, 78, 'TALES OF MYSTERY AND IMAGINATION', '', 'PENGUIN', 1),
(5, 79, 'TALES OF MYSTERY AND IMAGINATION', '', 'PENGUIN', 1),
(5, 80, 'THE PELICAN BRIEF', '', 'PENGUIN', 1),
(5, 81, 'THE PELICAN BRIEF', '', 'PENGUIN', 1),
(5, 82, 'THE PELICAN BRIEF', '', 'PENGUIN', 1),
(5, 83, 'PRIDE AND PREJUDICE', '', 'PENGUIN', 1),
(5, 84, 'PRIDE AND PREJUDICE', '', 'PENGUIN', 1),
(5, 85, 'PRIDE AND PREJUDICE', '', 'PENGUIN', 1),
(5, 86, 'AIRPORT', '', 'PENGUIN', 1),
(5, 87, 'AIRPORT', '', 'PENGUIN', 1),
(5, 88, 'AIRPORT', '', 'PENGUIN', 1),
(5, 89, 'THE STORY OF THE INTERNET', '', 'PENGUIN', 1),
(5, 90, 'THE STORY OF THE INTERNET', '', 'PENGUIN', 1),
(5, 91, 'THE STORY OF THE INTERNET', '', 'PENGUIN', 1),
(5, 92, 'DEATH ON THE NILE', '', 'PENGUIN', 1),
(5, 93, 'DEATH ON THE NILE', '', 'PENGUIN', 1),
(5, 94, 'DEATH ON THE NILE', '', 'PENGUIN', 1),
(5, 95, 'MORE TALES FROM SHAKESPEARE', '', 'PENGUIN', 1),
(5, 96, 'MORE TALES FROM SHAKESPEARE', '', 'PENGUIN', 1),
(5, 97, 'THE MONEY MAKER', '', 'PENGUIN', 1),
(5, 98, 'THE MONEY MAKER', '', 'PENGUIN', 1),
(5, 99, 'THE MONEY MAKER', '', 'PENGUIN', 1),
(5, 100, 'THE BABY PARTY', '', 'PENGUIN', 1),
(5, 101, 'THE BABY PARTY', '', 'PENGUIN', 1),
(5, 102, 'THE BABY PARTY', '', 'PENGUIN', 1),
(5, 103, 'HEAT AND DUST', '', '', 1),
(5, 104, 'WUTHERING HEIGHTS', '', '', 1),
(5, 105, 'THE CONTEMPORARY READER', 'STEPHEN COLBOURN', 'JAMESTOWN', 1),
(6, 1, 'THE TIME MACHINE', '', 'LONGMAN', 0),
(6, 2, 'BRAVE NEW WORLD', 'H.G. WELLS', 'LONGMAN', 1),
(6, 3, 'OLIVER TWIST', 'ALDOUS HUXLEY', 'OXFORD', 1),
(6, 4, 'BRAVE NEW WORLD', 'CHARLES DICKENS', 'LONGMAN', 1),
(6, 5, 'ROBINSON CRUSOE', 'ALDOUS HUXLEY', 'PENGUIN', 1),
(6, 6, 'FOR YOUR EYES ONLY', 'DANIEL DEFOE', 'LONGMAN', 1),
(6, 7, 'AMERICAN CLASSICS', 'IAN FLEMING', 'A REGENTS', 1),
(6, 8, 'PRIDE AND PREJUDICE', 'ROBERT DIXON', 'OXFORD', 1),
(6, 9, 'REBECCA', 'JANE AUSTEN', 'MACMILLAN', 1),
(6, 10, 'MURDER MAKER', 'DAPHNE DU MAURIER...', 'CAMBRIDGE', 1),
(6, 11, 'DEAD HEADS', 'MARGARET JOHNSON', 'OXFORD', 1),
(6, 12, 'ANNA KARENINA', 'REGINALD HILL', 'PENGUIN', 1),
(6, 13, 'TESS OF THE D''URBERVILLES', 'LEO TOLSTOY', 'OXFORD', 1),
(6, 14, 'MODERN SHORT STORIES', 'THOMAS HARDY', 'OXFORD', 1),
(6, 15, 'A TALE OF TWO CITIES', 'PETER J. W. TAYLOR', 'LONGMAN', 1),
(6, 16, 'ROUND BEHIND THE ICE-HOUSE', 'CHARLES DICKENS', 'PENGUIN', 1),
(6, 17, 'OLIVER TWIST', 'ANNE FINE', 'OXFORD', 1),
(6, 18, 'TESS OF THE D''URBERVILLES', 'CHARLES DICKENS', 'OXFORD', 1),
(6, 19, 'AMERICAN CLASSICS', 'THOMAS HARDY', 'A REGENTS', 1),
(6, 20, 'CRY FREEDOM', 'ROBERT J. DIXSON', 'OXFORD', 1),
(6, 21, 'THE SNOW GOOSE & OTHER STORIES', 'JOHN BRILEY', 'PENGUIN', 1),
(6, 22, 'ANIMAL FARM', 'PAUL GALLICO', 'LONGMAN', 1),
(6, 23, 'CHARLOTTE''S WEB', 'GEORGE ORWELL', 'HARPER &ROW', 1),
(6, 24, 'OLIVER TWIST', 'E.B. WHITE', 'OXFORD', 1),
(6, 25, 'TESS OF THE D''URBERVILLES', 'CHARLES DICKENS', 'OXFORD', 1),
(6, 26, 'WILLIAM SHAKESPEARE', 'THOMAS HARDY', '', 1),
(6, 27, 'FOR STORIES BY STEPHEN CRANE', 'STEPHEN CRANE', 'LADDER EDITION', 1),
(6, 28, 'MAN FROM THE SOUTH AND OTHER STORIES', '', 'PENGUIN', 1),
(6, 29, 'CAPTAIN CORELLIES MANDOLIN', 'LOUIS DE BERNIERS', 'PENGUIN', 1),
(6, 30, 'A ROOM WOTH A VIEW', 'E.M FORSTER', 'PENGUIN', 1),
(6, 31, 'PRIDE AND PREJUDICE', 'JANE AUSTEN', 'OXFORD', 1),
(6, 32, 'PRIDE AND PREJUDICE', 'JANE AUSTEN', 'OXFORD', 1),
(6, 33, 'ROMEO AND JULIET', 'WILLIAM SHAKESPEARE', 'DEJAVU', 1),
(6, 34, 'THE CHAMBER', '', 'PENGUIN', 1),
(6, 35, 'THE CHAMBER', '', 'PENGUIN', 1),
(6, 36, 'THE SCHINDLER''S LIST', '', 'PENGUIN', 1),
(6, 37, 'THE SCHINDLER''S LIST', '', 'PENGUIN', 1),
(6, 38, 'A ROOM WITH A VIEW', '', 'PENGUIN', 1),
(6, 39, 'A ROOM WITH A VIEW', '', 'PENGUIN', 1),
(6, 40, 'A ROOM WITH A VIEW', '', 'PENGUIN', 1),
(6, 41, 'MEMOIRS OF A GEISHA', '', 'PENGUIN', 1),
(6, 42, 'MEMOIRS OF A GEISHA', '', 'PENGUIN', 1),
(6, 43, 'GREAT EXPECTATIONS', '', 'PENGUIN', 1),
(6, 44, 'GREAT EXPECTATIONS', '', 'PENGUIN', 1),
(6, 45, 'GREAT EXPECTATIONS', '', 'PENGUIN', 1),
(6, 46, 'THE MOONSTONE', '', 'PENGUIN', 1),
(6, 47, 'THE MOONSTONE', '', 'PENGUIN', 1),
(6, 48, 'SNOW FALLING ON CEDARS', '', 'PENGUIN', 1),
(6, 49, 'SNOW FALLING ON CEDARS', '', 'PENGUIN', 1),
(6, 50, 'SNOW FALLING ON CEDARS', '', 'PENGUIN', 1),
(6, 51, 'SNOW FALLING ON CEDARS', '', 'PENGUIN', 1),
(6, 52, 'OLIVER TWIST', '', 'PENGUIN', 1),
(6, 53, 'OLIVER TWIST', '', 'PENGUIN', 1),
(6, 54, 'OLIVER TWIST', '', 'PENGUIN', 1),
(6, 55, 'THE LAST DAY OF SOCRATES', '', 'PENGUIN', 1),
(6, 56, 'THE LAST DAY OF SOCRATES', '', 'PENGUIN', 1),
(6, 57, 'THE LAST DAY OF SOCRATES', '', 'PENGUIN', 1),
(6, 58, 'SNOW FALLING ON CEDARS', '', 'PENGUIN', 1),
(6, 59, 'SNOW FALLING ON CEDARS', '', 'PENGUIN', 1),
(6, 60, 'SNOW FALLING ON CEDARS', '', 'PENGUIN', 1),
(7, 1, 'ALEXANDER THE GREAT', 'KINGSLEY AMIS', '', 0),
(7, 2, 'THE GATE', 'RIANE EISLER', '', 1),
(7, 3, 'LARGE CLASSES', 'ROB NOLASCO', 'ELTS', 1);

-- --------------------------------------------------------

--
-- Görünüm yapısı durumu `kitap_detay`
--
CREATE TABLE IF NOT EXISTS `kitap_detay` (
`KitapSeviyeNo` tinyint(4)
,`KitapNo` int(11)
,`KitapAdi` varchar(100)
,`YazarAdi` varchar(70)
,`YayinEvi` varchar(50)
,`VarMi` tinyint(1)
,`SeviyeNo` tinyint(4)
,`SeviyeAdi` varchar(30)
);
-- --------------------------------------------------------

--
-- Tablo için tablo yapısı `kitap_seviye_bilgi`
--

CREATE TABLE IF NOT EXISTS `kitap_seviye_bilgi` (
  `SeviyeNo` tinyint(4) NOT NULL,
  `SeviyeAdi` varchar(30) NOT NULL,
  PRIMARY KEY (`SeviyeNo`)
) ENGINE=InnoDB DEFAULT CHARSET=utf8;

--
-- Tablo döküm verisi `kitap_seviye_bilgi`
--

INSERT INTO `kitap_seviye_bilgi` (`SeviyeNo`, `SeviyeAdi`) VALUES
(0, 'Easystarts'),
(1, 'Beginner'),
(2, 'Elementary'),
(3, 'Pre-Intermediate'),
(4, 'Intermediate'),
(5, 'Upper-Intermediate'),
(6, 'Advanced'),
(7, 'No-Level');

-- --------------------------------------------------------

--
-- Görünüm yapısı durumu `kitap_seviye_detay`
--
CREATE TABLE IF NOT EXISTS `kitap_seviye_detay` (
`SeviyeNo` tinyint(4)
,`SeviyeAdi` varchar(30)
);
-- --------------------------------------------------------

--
-- Tablo için tablo yapısı `kullanici_bilgi`
--

CREATE TABLE IF NOT EXISTS `kullanici_bilgi` (
  `KullaniciNo` tinyint(4) NOT NULL AUTO_INCREMENT,
  `KullaniciTuruNo` tinyint(4) NOT NULL,
  `KullaniciAdi` varchar(20) NOT NULL,
  `KullaniciSifre` varchar(100) NOT NULL,
  PRIMARY KEY (`KullaniciNo`),
  UNIQUE KEY `KullaniciAdi_UNIQUE` (`KullaniciAdi`),
  KEY `fk_kullanici_bilgi_kullanici_turu_bilgi1_idx` (`KullaniciTuruNo`)
) ENGINE=InnoDB  DEFAULT CHARSET=utf8 AUTO_INCREMENT=11 ;

--
-- Tablo döküm verisi `kullanici_bilgi`
--

INSERT INTO `kullanici_bilgi` (`KullaniciNo`, `KullaniciTuruNo`, `KullaniciAdi`, `KullaniciSifre`) VALUES
(2, 1, 'admin', 'admin'),
(3, 2, 'librarian', 'qwer1234'),
(10, 2, 'ersan', 'qwer1234');

-- --------------------------------------------------------

--
-- Görünüm yapısı durumu `kullanici_detay`
--
CREATE TABLE IF NOT EXISTS `kullanici_detay` (
`KullaniciTuruAdi` varchar(10)
,`KullaniciAdi` varchar(20)
,`KullaniciNo` tinyint(4)
,`KullaniciSifre` varchar(100)
);
-- --------------------------------------------------------

--
-- Tablo için tablo yapısı `kullanici_turu_bilgi`
--

CREATE TABLE IF NOT EXISTS `kullanici_turu_bilgi` (
  `KullaniciTuruNo` tinyint(4) NOT NULL,
  `KullaniciTuruAdi` varchar(10) NOT NULL,
  PRIMARY KEY (`KullaniciTuruNo`)
) ENGINE=InnoDB DEFAULT CHARSET=utf8;

--
-- Tablo döküm verisi `kullanici_turu_bilgi`
--

INSERT INTO `kullanici_turu_bilgi` (`KullaniciTuruNo`, `KullaniciTuruAdi`) VALUES
(1, 'Admin'),
(2, 'Librarian');

-- --------------------------------------------------------

--
-- Tablo için tablo yapısı `odunc`
--

CREATE TABLE IF NOT EXISTS `odunc` (
  `OduncNo` int(11) NOT NULL AUTO_INCREMENT,
  `OgrenciNo` int(11) NOT NULL,
  `KitapSeviyeNo` tinyint(4) NOT NULL,
  `KitapNo` int(11) NOT NULL,
  `VerilisTarihi` date DEFAULT NULL,
  `PlanlananVerilisTarihi` date NOT NULL,
  `TeslimEdilenTarihi` date DEFAULT NULL,
  PRIMARY KEY (`OduncNo`),
  KEY `fk_ogrenci_bilgi_has_kitap_bilgi_kitap_bilgi1_idx` (`KitapSeviyeNo`,`KitapNo`),
  KEY `fk_ogrenci_bilgi_has_kitap_bilgi_ogrenci_bilgi1_idx` (`OgrenciNo`)
) ENGINE=InnoDB  DEFAULT CHARSET=utf8 AUTO_INCREMENT=8 ;

--
-- Tablo döküm verisi `odunc`
--

INSERT INTO `odunc` (`OduncNo`, `OgrenciNo`, `KitapSeviyeNo`, `KitapNo`, `VerilisTarihi`, `PlanlananVerilisTarihi`, `TeslimEdilenTarihi`) VALUES
(1, 140701014, 0, 1, '2015-07-26', '2015-07-27', '2015-07-28'),
(2, 140701014, 0, 2, '2015-08-03', '2015-08-04', '2015-08-03'),
(3, 140701014, 0, 1, '2015-07-26', '2015-07-31', '2015-08-02'),
(4, 140701022, 0, 3, '2015-08-17', '2015-08-19', '2015-08-25'),
(5, 140709012, 0, 8, '2015-07-27', '2015-07-29', NULL),
(6, 140701022, 0, 13, '2015-08-01', '2015-08-02', '2015-08-19'),
(7, 140701022, 3, 25, '2015-08-05', '2015-08-07', '2015-08-04');

-- --------------------------------------------------------

--
-- Tablo için tablo yapısı `ogrenci_bilgi`
--

CREATE TABLE IF NOT EXISTS `ogrenci_bilgi` (
  `OgrenciNo` int(11) NOT NULL,
  `OgrenciAdi` varchar(35) NOT NULL,
  `OgrenciSoyadi` varchar(35) NOT NULL,
  `OgrenciBolumKodu` int(11) NOT NULL,
  `OgrenciSinif` varchar(10) NOT NULL,
  PRIMARY KEY (`OgrenciNo`),
  KEY `fk_ogrenci_bilgi_bolum_bilgi_idx` (`OgrenciBolumKodu`),
  KEY `ogr_adi` (`OgrenciAdi`),
  KEY `ogr_soyadi` (`OgrenciSoyadi`)
) ENGINE=InnoDB DEFAULT CHARSET=utf8;

--
-- Tablo döküm verisi `ogrenci_bilgi`
--

INSERT INTO `ogrenci_bilgi` (`OgrenciNo`, `OgrenciAdi`, `OgrenciSoyadi`, `OgrenciBolumKodu`, `OgrenciSinif`) VALUES
(140611017, 'Gizem', 'Mantar', 611, '102'),
(140611033, 'Tuğba', 'Turan', 611, '103'),
(140701004, 'Sercan', 'Akkuş', 701, '205'),
(140701010, 'Kadem', 'Mulazımoğlu', 701, '209'),
(140701014, 'Doğan Can', 'Uysal', 701, '201'),
(140701015, 'Mustafa', 'Tanışan', 701, '208'),
(140701018, 'Harun', 'Soytekin', 701, '208'),
(140701020, 'Nazmiye', 'Demir', 701, '210'),
(140701022, 'Mehmet Şafak', 'Atik', 701, '206'),
(140701025, 'Fatima', 'Karabulut', 701, '208'),
(140701036, 'Ferdi', 'Badruk', 701, '208'),
(140707003, 'Hewad', 'Saad', 707, '101'),
(140707018, 'Hatice', 'Yavaş', 707, '210'),
(140707027, 'Rana', 'Salihoğlu', 707, '202'),
(140709009, 'Fıkrat', 'Dadasov', 709, '210'),
(140709012, 'Abdullah', 'Çalışır', 709, '208'),
(140709023, 'Haydar', 'Urdoğan', 709, '201'),
(140709030, 'Necim', 'Sadat', 709, '204'),
(140711010, 'Musa', 'Özdemir', 711, '208'),
(140711015, 'MehmetSait', 'Yelsiz', 711, '211'),
(140711017, 'Ali', 'Dikkaya', 711, '210'),
(140711021, 'Abdulrahman Qaıd', 'Al Hajrı', 711, '101'),
(140711023, 'Muhammed', 'Çetin', 711, '206'),
(140713013, 'Fulya', 'Toklucu', 713, '208'),
(140715006, 'Merthan', 'Yeşiltepe', 715, '208'),
(140715015, 'Halil İbrahim', 'Öz', 715, '205'),
(140715021, 'Özden', 'Aydın', 715, '206'),
(140715022, 'Zeki', 'Uzun', 715, '209'),
(140715037, 'Hamza', 'Demirel', 715, '210'),
(140904019, 'Kardelen', 'Şensoy', 904, '109'),
(140911028, 'Elanur', 'Şügül', 911, '104'),
(141601019, 'Kübra', 'Gündoğan', 1601, '104');

-- --------------------------------------------------------

--
-- Görünüm yapısı durumu `ogrenci_detay`
--
CREATE TABLE IF NOT EXISTS `ogrenci_detay` (
`OgrenciNo` int(11)
,`OgrenciAdi` varchar(35)
,`OgrenciSoyadi` varchar(35)
,`OgrenciBolumKodu` int(11)
,`OgrenciSinif` varchar(10)
,`BolumKodu` int(11)
,`BolumAdi` varchar(75)
);
-- --------------------------------------------------------

--
-- Görünüm yapısı `bolum_detay`
--
DROP TABLE IF EXISTS `bolum_detay`;

CREATE ALGORITHM=UNDEFINED DEFINER=`root`@`localhost` SQL SECURITY DEFINER VIEW `bolum_detay` AS (select `bolum_bilgi`.`BolumKodu` AS `BolumKodu`,`bolum_bilgi`.`BolumAdi` AS `BolumAdi` from `bolum_bilgi`);

-- --------------------------------------------------------

--
-- Görünüm yapısı `kitap_detay`
--
DROP TABLE IF EXISTS `kitap_detay`;

CREATE ALGORITHM=UNDEFINED DEFINER=`root`@`localhost` SQL SECURITY DEFINER VIEW `kitap_detay` AS select `kitap_bilgi`.`KitapSeviyeNo` AS `KitapSeviyeNo`,`kitap_bilgi`.`KitapNo` AS `KitapNo`,`kitap_bilgi`.`KitapAdi` AS `KitapAdi`,`kitap_bilgi`.`YazarAdi` AS `YazarAdi`,`kitap_bilgi`.`YayinEvi` AS `YayinEvi`,`kitap_bilgi`.`VarMi` AS `VarMi`,`kitap_seviye_bilgi`.`SeviyeNo` AS `SeviyeNo`,`kitap_seviye_bilgi`.`SeviyeAdi` AS `SeviyeAdi` from (`kitap_bilgi` join `kitap_seviye_bilgi` on((`kitap_bilgi`.`KitapSeviyeNo` = `kitap_seviye_bilgi`.`SeviyeNo`)));

-- --------------------------------------------------------

--
-- Görünüm yapısı `kitap_seviye_detay`
--
DROP TABLE IF EXISTS `kitap_seviye_detay`;

CREATE ALGORITHM=UNDEFINED DEFINER=`root`@`localhost` SQL SECURITY DEFINER VIEW `kitap_seviye_detay` AS (select `kitap_seviye_bilgi`.`SeviyeNo` AS `SeviyeNo`,`kitap_seviye_bilgi`.`SeviyeAdi` AS `SeviyeAdi` from `kitap_seviye_bilgi`);

-- --------------------------------------------------------

--
-- Görünüm yapısı `kullanici_detay`
--
DROP TABLE IF EXISTS `kullanici_detay`;

CREATE ALGORITHM=UNDEFINED DEFINER=`root`@`localhost` SQL SECURITY DEFINER VIEW `kullanici_detay` AS select `kullanici_turu_bilgi`.`KullaniciTuruAdi` AS `KullaniciTuruAdi`,`kullanici_bilgi`.`KullaniciAdi` AS `KullaniciAdi`,`kullanici_bilgi`.`KullaniciNo` AS `KullaniciNo`,`kullanici_bilgi`.`KullaniciSifre` AS `KullaniciSifre` from (`kullanici_bilgi` join `kullanici_turu_bilgi` on((`kullanici_bilgi`.`KullaniciTuruNo` = `kullanici_turu_bilgi`.`KullaniciTuruNo`)));

-- --------------------------------------------------------

--
-- Görünüm yapısı `ogrenci_detay`
--
DROP TABLE IF EXISTS `ogrenci_detay`;

CREATE ALGORITHM=UNDEFINED DEFINER=`root`@`localhost` SQL SECURITY DEFINER VIEW `ogrenci_detay` AS select `ogrenci_bilgi`.`OgrenciNo` AS `OgrenciNo`,`ogrenci_bilgi`.`OgrenciAdi` AS `OgrenciAdi`,`ogrenci_bilgi`.`OgrenciSoyadi` AS `OgrenciSoyadi`,`ogrenci_bilgi`.`OgrenciBolumKodu` AS `OgrenciBolumKodu`,`ogrenci_bilgi`.`OgrenciSinif` AS `OgrenciSinif`,`bolum_bilgi`.`BolumKodu` AS `BolumKodu`,`bolum_bilgi`.`BolumAdi` AS `BolumAdi` from (`ogrenci_bilgi` join `bolum_bilgi` on((`ogrenci_bilgi`.`OgrenciBolumKodu` = `bolum_bilgi`.`BolumKodu`)));

--
-- Dökümü yapılmış tablolar için kısıtlamalar
--

--
-- Tablo kısıtlamaları `kitap_bilgi`
--
ALTER TABLE `kitap_bilgi`
  ADD CONSTRAINT `fk_kitap_bilgi_kitap_seviye_bilgi1` FOREIGN KEY (`KitapSeviyeNo`) REFERENCES `kitap_seviye_bilgi` (`SeviyeNo`) ON DELETE NO ACTION ON UPDATE NO ACTION;

--
-- Tablo kısıtlamaları `kullanici_bilgi`
--
ALTER TABLE `kullanici_bilgi`
  ADD CONSTRAINT `kullanici_bilgi_ibfk_1` FOREIGN KEY (`KullaniciTuruNo`) REFERENCES `kullanici_turu_bilgi` (`KullaniciTuruNo`);

--
-- Tablo kısıtlamaları `odunc`
--
ALTER TABLE `odunc`
  ADD CONSTRAINT `fk_ogrenci_bilgi_has_kitap_bilgi_kitap_bilgi1` FOREIGN KEY (`KitapSeviyeNo`, `KitapNo`) REFERENCES `kitap_bilgi` (`KitapSeviyeNo`, `KitapNo`) ON DELETE NO ACTION ON UPDATE NO ACTION,
  ADD CONSTRAINT `fk_ogrenci_bilgi_has_kitap_bilgi_ogrenci_bilgi1` FOREIGN KEY (`OgrenciNo`) REFERENCES `ogrenci_bilgi` (`OgrenciNo`) ON DELETE NO ACTION ON UPDATE NO ACTION;

--
-- Tablo kısıtlamaları `ogrenci_bilgi`
--
ALTER TABLE `ogrenci_bilgi`
  ADD CONSTRAINT `fk_ogrenci_bilgi_bolum_bilgi` FOREIGN KEY (`OgrenciBolumKodu`) REFERENCES `bolum_bilgi` (`BolumKodu`) ON DELETE NO ACTION ON UPDATE NO ACTION;

/*!40101 SET CHARACTER_SET_CLIENT=@OLD_CHARACTER_SET_CLIENT */;
/*!40101 SET CHARACTER_SET_RESULTS=@OLD_CHARACTER_SET_RESULTS */;
/*!40101 SET COLLATION_CONNECTION=@OLD_COLLATION_CONNECTION */;
